fixed acidity,volatile acidity,citric acid,residual sugar,chlorides,free sulfur dioxide,total sulfur dioxide,density,pH,sulphates,alcohol,quality,type
9.3,0.775,0.27,2.8,0.078,24,56,0.9984,3.31,0.67,10.6,6,Red
7.7,0.39,0.28,4.9,0.035,36,109,0.9918,3.19,0.58,12.2,7,White
6.8,0.23,0.29,15.4,0.073,56,173,0.9984,3.06,0.41,8.7,6,White
5.3,0.16,0.39,1,0.028,40,101,0.99156,3.57,0.59,10.6,6,White
6.1,0.22,0.25,12.1,0.035,54,135,0.99481,3.21,0.4,10.7,5,White
6.3,0.3,0.34,1.6,0.049,14,132,0.994,3.3,0.49,9.5,6,White
6.2,0.785,0,2.1,0.06,6,13,0.99664,3.59,0.61,10,4,Red
7.6,0.2,0.3,14.2,0.056,53,212.5,0.999,3.14,0.46,8.9,8,White
6.4,0.595,0.14,5.2,0.058,15,97,0.9951,3.38,0.36,9,4,White
6.5,0.37,0.33,3.5,0.036,23,92,0.99136,3.18,0.38,11.2,6,White
6.7,0.16,0.32,12.5,0.035,18,156,0.99666,2.88,0.36,9,6,White
7.1,0.25,0.28,1.6,0.052,46,169,0.9926,3.05,0.41,10.5,5,White
6.5,0.24,0.19,1.2,0.041,30,111,0.99254,2.99,0.46,9.4,6,White
8.7,0.33,0.38,3.3,0.063,10,19,0.99468,3.3,0.73,12,7,Red
7.8,0.6,0.26,2,0.08,31,131,0.99622,3.21,0.52,9.9,5,Red
7.4,0.16,0.27,15.5,0.05,25,135,0.9984,2.9,0.43,8.7,7,White
6.2,0.45,0.26,4.4,0.063,63,206,0.994,3.27,0.52,9.8,4,White
7,0.21,0.28,8.6,0.045,37,221,0.9954,3.25,0.54,10.4,6,White
5.5,0.17,0.23,2.9,0.039,10,108,0.99243,3.28,0.5,10,5,White
5.9,0.24,0.34,2,0.037,40,108,0.98948,3.19,0.5,12.3,6,White
8.3,0.85,0.14,2.5,0.093,13,54,0.99724,3.36,0.54,10.1,5,Red
6.6,0.25,0.3,14.4,0.052,40,183,0.998,3.02,0.5,9.1,6,White
6.6,0.54,0.21,16.3,0.055,41,182,0.9986,3.35,0.54,10.4,6,White
6.7,0.18,0.3,6.4,0.048,40,251,0.9956,3.29,0.52,10,5,White
7.4,0.27,0.48,1.1,0.047,17,132,0.9914,3.19,0.49,11.6,6,White
6.9,0.21,0.49,1.4,0.041,15,164,0.9927,3.25,0.63,11,5,White
6.8,0.39,0.34,7.4,0.02,38,133,0.99212,3.18,0.44,12,7,White
7.1,0.27,0.24,12.6,0.044,48,118,0.99726,3.04,0.56,10,7,White
6.5,0.18,0.29,1.7,0.035,39,144,0.9927,3.49,0.5,10.5,6,White
8.3,0.655,0.12,2.3,0.083,15,113,0.9966,3.17,0.66,9.8,5,Red
6.8,0.3,0.23,4.6,0.061,50.5,238.5,0.9958,3.32,0.6,9.5,5,White
10.2,0.44,0.42,2,0.071,7,20,0.99566,3.14,0.79,11.1,7,Red
6.6,0.21,0.6,1.1,0.135,61,144,0.9927,3.12,0.39,9.3,7,White
7,0.69,0.07,2.5,0.091,15,21,0.99572,3.38,0.6,11.3,6,Red
6.4,0.15,0.36,1.8,0.034,43,150,0.9922,3.42,0.69,11,8,White
8.1,0.34,0.28,7.5,0.04,70,230,0.99558,3.14,0.55,9.8,6,White
5.9,0.32,0.26,1.5,0.057,17,141,0.9917,3.24,0.36,10.7,5,White
7.7,0.3,0.34,1.2,0.048,4,119,0.99084,3.18,0.34,12.1,6,White
5.9,0.18,0.29,4.6,0.032,68,137,0.99159,3.21,0.38,11.3,6,White
6.5,0.36,0.36,6.7,0.185,51.5,151,0.99528,3.17,0.42,9.3,5,White
6.6,0.35,0.26,2.7,0.045,19,129,0.98952,3.24,0.48,13,7,White
5.7,0.21,0.32,1.6,0.03,33,122,0.99044,3.33,0.52,11.9,6,White
6.6,0.815,0.02,2.7,0.072,17,34,0.9955,3.58,0.89,12.3,7,Red
7,0.28,0.36,1,0.035,8,70,0.9899,3.09,0.46,12.1,6,White
6.1,0.37,0.46,12,0.042,61,210,0.997,3.17,0.59,9.7,6,White
7.2,0.37,0.32,2,0.062,15,28,0.9947,3.23,0.73,11.3,7,Red
6,0.28,0.24,17.8,0.047,42,111,0.99896,3.1,0.45,8.9,6,White
6.4,0.57,0.02,1.8,0.067,4,11,0.997,3.46,0.68,9.5,5,Red
6.8,0.25,0.24,1.6,0.045,39,164,0.99402,3.53,0.58,10.8,5,White
7.6,0.25,1.23,4.6,0.035,51,294,0.99018,3.03,0.43,13.1,6,White
7,0.34,0.1,3.5,0.044,17,63,0.9937,3.01,0.39,9.2,5,White
5.8,0.29,0.15,1.1,0.029,12,83,0.9898,3.3,0.4,11.4,6,White
6.5,0.43,0.28,11.25,0.032,31,87,0.9922,3.02,0.38,12.4,6,White
7.3,0.34,0.21,3.2,0.05,14,136,0.9936,3.25,0.44,10.2,5,White
7.5,0.77,0.2,8.1,0.098,30,92,0.99892,3.2,0.58,9.2,5,Red
6.8,0.25,0.31,13.3,0.05,69,202,0.9972,3.22,0.48,9.7,6,White
7.6,0.3,0.25,4.3,0.054,22,111,0.9956,3.12,0.49,9.2,5,White
8.2,0.22,0.36,6.8,0.034,12,90,0.9944,3.01,0.38,10.5,8,White
6.5,0.43,0.18,13.15,0.032,25,131,0.99565,3.23,0.51,10.7,5,White
9.4,0.3,0.56,2.8,0.08,6,17,0.9964,3.15,0.92,11.7,8,Red
8,0.27,0.33,1.2,0.05,41,103,0.99002,3,0.45,12.4,6,White
3.8,0.31,0.02,11.1,0.036,20,114,0.99248,3.75,0.44,12.4,6,White
5.7,0.4,0.35,5.1,0.026,17,113,0.99052,3.18,0.67,12.4,6,White
5.8,0.14,0.15,6.1,0.042,27,123,0.99362,3.06,0.6,9.9,6,White
7,0.6,0.3,4.5,0.068,20,110,0.99914,3.3,1.17,10.2,5,Red
6.7,0.29,0.49,4.7,0.034,35,156,0.9945,3.13,0.45,9.9,6,White
6.8,0.62,0.08,1.9,0.068,28,38,0.99651,3.42,0.82,9.5,6,Red
6.4,0.125,0.29,5.85,0.042,24,99,0.992,3.23,0.32,12,7,White
6.2,0.12,0.26,5.7,0.044,56,158,0.9951,3.52,0.37,10.5,6,White
6.1,0.17,0.21,1.9,0.09,44,130,0.99255,3.07,0.41,9.7,5,White
6.2,0.21,0.52,6.5,0.047,28,123,0.99418,3.22,0.49,9.9,6,White
6.5,0.58,0,2.2,0.096,3,13,0.99557,3.62,0.62,11.5,4,Red
10.4,0.41,0.55,3.2,0.076,22,54,0.9996,3.15,0.89,9.9,6,Red
7.7,0.31,0.36,4.3,0.026,15,87,0.99152,3.11,0.48,12,5,White
7,0.21,0.28,7.5,0.07,45,185,0.9966,3.34,0.55,9.4,5,White
6.9,0.33,0.21,1,0.053,39,148,0.9927,3.12,0.45,9.4,6,White
6.4,0.23,0.37,7.9,0.05,60,150,0.99488,2.86,0.49,9.3,6,White
6.1,0.36,0.41,19.35,0.07,67,207,1.00118,3.39,0.53,9.1,5,White
7.4,0.25,0.36,13.2,0.067,53,178,0.9976,3.01,0.48,9,6,White
7.7,0.28,0.33,6.7,0.037,32,155,0.9951,3.39,0.62,10.7,7,White
8.3,0.31,0.39,2.4,0.078,17,43,0.99444,3.31,0.77,12.5,7,Red
5.2,0.285,0.29,5.15,0.035,64,138,0.9895,3.19,0.34,12.4,8,White
7,0.3,0.32,6.4,0.034,28,97,0.9924,3.23,0.44,11.8,6,White
5.6,0.235,0.29,1.2,0.047,33,127,0.991,3.34,0.5,11,7,White
5.7,0.22,0.33,1.9,0.036,37,110,0.98945,3.26,0.58,12.4,6,White
6.5,0.39,0.35,1.6,0.049,10,164,0.99516,3.35,0.51,9.7,5,White
5.2,0.6,0.07,7,0.044,33,147,0.9944,3.33,0.58,9.7,5,White
6.4,0.26,0.25,10.7,0.046,66,179,0.99606,3.17,0.55,9.9,6,White
7.5,0.24,0.31,13,0.049,46,217,0.9985,3.08,0.53,8.8,5,White
13.2,0.46,0.52,2.2,0.071,12,35,1.0006,3.1,0.56,9,6,Red
6.2,0.37,0.22,8.3,0.025,36,216,0.9964,3.33,0.6,9.6,6,White
6.8,0.2,0.28,12.6,0.048,54,136,0.99556,3.19,0.37,10.7,6,White
7,0.24,0.3,12.3,0.035,72,172,0.9954,2.99,0.57,10.4,6,White
7.4,0.19,0.31,14.5,0.045,39,193,0.9986,3.1,0.5,9.2,6,White
7.2,0.19,0.27,11.2,0.061,46,149,0.99772,2.99,0.59,9.3,6,White
5.3,0.36,0.27,6.3,0.028,40,132,0.99186,3.37,0.4,11.6,6,White
6.6,0.28,0.3,12.9,0.033,31,177,0.99479,3.12,0.39,11.2,6,White
11.9,0.38,0.49,2.7,0.098,12,42,1.0004,3.16,0.61,10.3,5,Red
6,0.22,0.28,1.1,0.034,47,90,0.98862,3.22,0.38,12.6,6,White
9.3,0.36,0.39,1.5,0.08,41,55,0.99652,3.47,0.73,10.9,6,Red
7.8,0.43,0.49,13,0.033,37,158,0.9955,3.14,0.35,11.3,6,White
7.4,0.55,0.19,1.8,0.082,15,34,0.99655,3.49,0.68,10.5,5,Red
7,0.15,0.3,13.3,0.049,46,120,0.99704,3.2,0.36,9.5,7,White
5.5,0.35,0.35,1.1,0.045,14,167,0.992,3.34,0.68,9.9,6,White
6.5,0.31,0.61,13,0.053,31,123,0.99708,3.09,0.5,9.3,6,White
6.3,0.26,0.29,2.2,0.043,35,175,0.9918,3.38,0.43,11.6,6,White
6.1,0.705,0.1,2.8,0.081,13,28,0.99631,3.6,0.66,10.2,5,Red
8.8,0.19,0.3,5,0.028,34,120,0.99242,2.94,0.47,11.2,5,White
7.3,0.21,0.49,1.8,0.038,44,152,0.9912,3.32,0.44,12.6,7,White
6.5,0.9,0,1.6,0.052,9,17,0.99467,3.5,0.63,10.9,6,Red
6.2,0.23,0.36,17.2,0.039,37,130,0.99946,3.23,0.43,8.8,6,White
6.3,0.27,0.23,2.9,0.047,13,100,0.9936,3.28,0.43,9.8,5,White
5.6,0.19,0.46,1.1,0.032,33,115,0.9909,3.36,0.5,10.4,6,White
6.1,0.36,0.27,2.1,0.035,16,100,0.9917,3.4,0.71,11.5,7,White
7.1,0.63,0.06,2,0.083,8,29,0.99855,3.67,0.73,9.6,5,Red
7.6,0.3,0.38,2.1,0.043,10,98,0.99296,3.17,0.65,11,5,White
6,0.28,0.25,1.8,0.042,8,108,0.9929,3.08,0.55,9,5,White
7.9,0.19,0.26,2.1,0.039,8,143,0.9942,3.05,0.74,9.8,5,White
6.1,0.23,0.27,9.8,0.055,74,134,0.99534,3.16,0.4,10.2,6,White
8,0.4,0.33,7.7,0.034,27,98,0.9935,3.18,0.41,12.2,7,White
6,0.51,0,2.1,0.064,40,54,0.995,3.54,0.93,10.7,6,Red
8,0.26,0.36,2,0.054,30,121,0.992,3.09,0.72,11.6,7,White
8.8,0.33,0.36,2.1,0.034,19,125,0.99166,2.96,0.98,12.7,6,White
7.5,0.77,0.2,8.1,0.098,30,92,0.99892,3.2,0.58,9.2,5,Red
6.6,0.56,0.22,8.9,0.034,27,133,0.99675,3.2,0.51,9.1,5,White
8,0.23,0.37,9.6,0.054,23,159,0.99795,3.32,0.47,9.8,4,White
8.6,0.63,0.17,2.9,0.099,21,119,0.998,3.09,0.52,9.3,5,Red
7.3,0.35,0.67,8.3,0.053,10,100,0.9959,3.19,0.5,10.9,5,White
7.2,0.62,0.06,2.7,0.077,15,85,0.99746,3.51,0.54,9.5,5,Red
6.3,0.29,0.4,6.5,0.039,43,167,0.9953,3.15,0.44,9.3,6,White
7.4,0.22,0.28,9,0.046,22,121,0.99468,3.1,0.55,10.8,5,White
6.5,0.23,0.25,17.3,0.046,15,110,0.99828,3.15,0.42,9.2,6,White
7.9,0.4,0.29,1.8,0.157,1,44,0.9973,3.3,0.92,9.5,6,Red
7.1,0.44,0.23,5.8,0.035,24,100,0.99062,3.15,0.57,13.2,7,White
7.1,0.18,0.39,14.5,0.051,48,156,0.99947,3.35,0.78,9.1,5,White
8,0.23,0.41,1.1,0.048,35,150,0.99168,3.09,0.47,11.2,5,White
6.7,0.41,0.27,2.6,0.033,25,85,0.99086,3.05,0.34,11.7,6,White
7.3,0.33,0.47,2.1,0.077,5,11,0.9958,3.33,0.53,10.3,6,Red
6.2,0.2,0.49,1.6,0.065,17,143,0.9937,3.22,0.52,9.2,6,White
5.8,0.26,0.24,9.2,0.044,55,152,0.9961,3.31,0.38,9.4,5,White
8,0.59,0.16,1.8,0.065,3,16,0.9962,3.42,0.92,10.5,7,Red
6.6,0.705,0.07,1.6,0.076,6,15,0.9962,3.44,0.58,10.7,5,Red
8,0.25,0.13,17.2,0.036,49,219,0.9996,2.96,0.46,9.7,5,White
6.5,0.43,0.28,12,0.056,23,174,0.9986,3.31,0.55,9.3,5,White
6.9,0.33,0.31,4.2,0.04,21,93,0.9896,3.18,0.48,13.4,7,White
6.3,0.17,0.32,4.2,0.04,37,117,0.99182,3.24,0.43,11.3,6,White
6,0.45,0.42,1.1,0.051,61,197,0.9932,3.02,0.4,9,5,White
7.4,0.36,0.34,1.8,0.075,18,38,0.9933,3.38,0.88,13.6,7,Red
7.8,0.28,0.31,2.1,0.046,28,208,0.99434,3.23,0.64,9.8,5,White
5.3,0.3,0.16,4.2,0.029,37,100,0.9905,3.3,0.36,11.8,8,White
7.6,0.48,0.28,10.4,0.049,57,205,0.99748,3.24,0.45,9.3,5,White
6.9,0.24,0.34,4.7,0.04,43,161,0.9935,3.2,0.59,10.6,6,White
9.7,0.295,0.4,1.5,0.073,14,21,0.99556,3.14,0.51,10.9,6,Red
6.4,0.31,0.27,7.4,0.049,48,169,0.99323,3.27,0.45,11.1,6,White
7,0.21,0.34,8.5,0.033,31,253,0.9953,3.22,0.56,10.5,6,White
8.1,0.27,0.35,1.7,0.03,38,103,0.99255,3.22,0.63,10.4,8,White
6.7,0.32,0.44,2.4,0.061,24,34,0.99484,3.29,0.8,11.6,7,Red
7.3,0.22,0.41,15.4,0.05,55,191,1,3.32,0.59,8.9,6,White
8.8,0.7,0,1.7,0.069,8,19,0.99701,3.31,0.53,10,6,Red
6.9,0.56,0.03,1.5,0.086,36,46,0.99522,3.53,0.57,10.6,5,Red
11.3,0.34,0.45,2,0.082,6,15,0.9988,2.94,0.66,9.2,6,Red
7,0.22,0.3,1.4,0.04,14,63,0.98985,3.2,0.33,12,6,White
5.9,0.19,0.26,7.4,0.034,33,123,0.995,3.49,0.42,10.1,6,White
6.5,0.26,0.27,12.9,0.044,69,215,0.9967,3.17,0.43,10,6,White
7,0.27,0.74,1.5,0.036,27,122,0.9926,3.35,0.48,11.2,6,White
6.6,0.57,0.02,2.1,0.115,6,16,0.99654,3.38,0.69,9.5,5,Red
5.9,0.62,0.28,3.5,0.039,55,152,0.9907,3.44,0.44,12,6,White
8.3,0.25,0.33,2.5,0.053,12,72,0.99404,2.89,0.48,9.5,5,White
7.6,0.645,0.03,1.9,0.086,14,57,0.9969,3.37,0.46,10.3,5,Red
7.5,0.25,0.47,4.1,0.041,95,163,0.99184,2.92,0.59,11.3,6,White
7.7,0.67,0.23,2.1,0.088,17,96,0.9962,3.32,0.48,9.5,5,Red
6.3,0.22,0.57,1.4,0.208,14,96,0.9932,3.16,0.43,10,6,White
5.9,0.33,0.32,8.1,0.038,9,34,0.9911,3.22,0.36,12.7,7,White
7.3,0.35,0.24,2,0.067,28,48,0.99576,3.43,0.54,10,4,Red
7.3,0.28,0.36,12.7,0.04,38,140,0.998,3.3,0.79,9.6,6,White
6.3,0.22,0.34,1.2,0.036,32,96,0.98961,3.06,0.74,11.6,6,White
6.6,0.26,0.56,15.4,0.053,32,141,0.9981,3.11,0.49,9.3,5,White
7.5,0.58,0.56,3.1,0.153,5,14,0.99476,3.21,1.03,11.6,6,Red
7.1,0.2,0.34,16,0.05,51,166,0.9985,3.21,0.6,9.2,6,White
7.2,0.835,0,2,0.166,4,11,0.99608,3.39,0.52,10,5,Red
7.4,0.36,0.3,1.8,0.074,17,24,0.99419,3.24,0.7,11.4,8,Red
6.8,0.19,0.71,17.5,0.042,21,114,0.99784,2.85,0.5,9.5,6,White
6.8,0.26,0.4,7.5,0.046,45,179,0.99583,3.2,0.49,9.3,5,White
7.5,0.19,0.49,1.8,0.055,19,110,0.9946,3.33,0.44,9.9,5,White
5.9,0.37,0.32,1.6,0.029,41,102,0.98916,3.41,0.55,12.7,7,White
8.3,0.36,0.57,15,0.052,35,256,1.0001,2.93,0.64,8.6,5,White
6.9,0.22,0.28,7.8,0.05,43,116,0.99326,3.22,0.6,11.5,8,White
11.6,0.475,0.4,1.4,0.091,6,28,0.99704,3.07,0.65,10.0333333333333,6,Red
6.9,0.19,0.39,8,0.028,22,84,0.994,3.11,0.66,10.8,6,White
7.3,0.65,0,1.2,0.065,15,21,0.9946,3.39,0.47,10,7,Red
6.4,0.32,0.26,7.9,0.05,53,180,0.99514,3.14,0.5,9.6,5,White
8.3,0.56,0.22,2.4,0.082,10,86,0.9983,3.37,0.62,9.5,5,Red
7.1,0.2,0.31,6.85,0.053,32,211,0.99587,3.31,0.59,10.4,6,White
7.8,0.25,0.34,13.7,0.044,66,184,0.99976,3.22,0.75,8.9,5,White
6.6,0.27,0.33,1.4,0.042,24,183,0.99215,3.29,0.46,10.7,5,White
9,0.3,0.49,7.2,0.039,32,84,0.9938,2.94,0.32,11.5,6,White
7.7,0.35,0.49,8.65,0.033,42,186,0.9931,3.14,0.38,12.4,8,White
6.6,0.23,0.32,0.9,0.041,25,79,0.9926,3.39,0.54,10.2,7,White
7.3,0.585,0.18,2.4,0.078,15,60,0.99638,3.31,0.54,9.8,5,Red
8.9,0.28,0.45,1.7,0.067,7,12,0.99354,3.25,0.55,12.3,7,Red
6.6,0.22,0.23,17.3,0.047,37,118,0.99906,3.08,0.46,8.8,6,White
5.6,0.28,0.4,6.1,0.034,36,118,0.99144,3.21,0.43,12.1,7,White
7.8,0.44,0.28,2.7,0.1,18,95,0.9966,3.22,0.67,9.4,5,Red
6,0.28,0.34,1.6,0.119,33,104,0.9921,3.19,0.38,10.2,6,White
6.6,0.23,0.29,14.45,0.057,29,144,0.99756,3.33,0.54,10.2,6,White
7.1,0.43,0.17,1.8,0.082,27,51,0.99634,3.49,0.64,10.4,5,Red
6.8,0.18,0.32,7.2,0.047,17,109,0.99498,3.42,0.44,10.4,6,White
7.5,0.305,0.4,18.9,0.059,44,170,1,2.99,0.46,9,5,White
7.1,0.85,0.49,8.7,0.028,40,184,0.9962,3.22,0.36,10.7,5,White
7.2,0.47,0.65,8.3,0.083,27,182,0.9964,3,0.35,9.2,5,White
6.9,0.24,0.35,1,0.052,35,146,0.993,3.45,0.44,10,6,White
8.5,0.17,0.31,1,0.024,13,91,0.993,2.79,0.37,10.1,5,White
7.6,0.29,0.26,6.5,0.042,32,160,0.9944,3.14,0.47,10.7,5,White
6.7,0.46,0.24,1.7,0.077,18,34,0.9948,3.39,0.6,10.6,6,Red
4.7,0.6,0.17,2.3,0.058,17,106,0.9932,3.85,0.6,12.9,6,Red
5.1,0.305,0.13,1.75,0.036,17,73,0.99,3.4,0.51,12.3333333333333,5,White
5.8,0.32,0.2,2.6,0.027,17,123,0.98936,3.36,0.78,13.9,7,White
6.7,0.26,0.26,4,0.079,35.5,216,0.9956,3.31,0.68,9.5,5,White
6.8,0.21,0.37,7,0.038,27,107,0.99206,2.98,0.82,11.5,6,White
7.1,0.28,0.26,1.9,0.049,12,86,0.9934,3.15,0.38,9.4,5,White
5.9,0.3,0.29,1.1,0.036,23,56,0.9904,3.19,0.38,11.3,5,White
5.8,0.32,0.38,4.75,0.033,23,94,0.991,3.42,0.42,11.8,7,White
6.2,0.3,0.17,2.8,0.04,24,125,0.9939,3.01,0.46,9,5,White
9.3,0.4,0.49,2.5,0.085,38,142,0.9978,3.22,0.55,9.4,5,Red
6.5,0.24,0.32,7.6,0.038,48,203,0.9958,3.45,0.54,9.7,7,White
7.8,0.27,0.35,1.2,0.05,36,140,0.99138,3.09,0.45,11.2,5,White
7,0.735,0.05,2,0.081,13,54,0.9966,3.39,0.57,9.8,5,Red
6.1,0.22,0.28,16.55,0.059,54,135,0.99665,3.2,0.38,10.5,5,White
7,0.31,0.39,7.5,0.055,42,218,0.99652,3.37,0.54,10.3,5,White
10,0.44,0.49,2.7,0.077,11,19,0.9963,3.23,0.63,11.6,7,Red
6.4,0.21,0.28,5.9,0.047,29,101,0.99278,3.15,0.4,11,6,White
7.1,0.2,0.31,6.85,0.053,32,211,0.99587,3.31,0.59,10.4,6,White
12.1,0.4,0.52,2,0.092,15,54,1,3.03,0.66,10.2,5,Red
6.4,0.36,0.53,2.2,0.23,19,35,0.9934,3.37,0.93,12.4,6,Red
7,0.64,0.02,2.1,0.067,9,23,0.997,3.47,0.67,9.4,6,Red
7,0.26,0.34,10.9,0.038,25,84,0.99432,3.11,0.34,10.9,6,White
7.7,0.28,0.35,15.3,0.056,31,117,0.9998,3.27,0.5,9.6,5,White
6.8,0.29,0.32,1.8,0.032,18,130,0.99095,3.05,0.62,11.2,6,White
7.1,0.39,0.79,1.4,0.194,23,90,0.99212,3.17,0.46,10.5,6,White
8,0.18,0.37,1.3,0.04,15,96,0.9912,3.06,0.61,12.1,6,White
6.6,0.34,0.24,3.3,0.034,29,99,0.99031,3.1,0.4,12.3,7,White
9.9,0.5,0.24,2.3,0.103,6,14,0.9978,3.34,0.52,10,4,Red
7.7,0.51,0.28,2.1,0.087,23,54,0.998,3.42,0.74,9.2,5,Red
5.8,0.32,0.28,4.3,0.032,46,115,0.98946,3.16,0.57,13,8,White
5.5,0.23,0.19,2.2,0.044,39,161,0.99209,3.19,0.43,10.4,6,White
7.6,0.3,0.37,1.6,0.087,27,177,0.99438,3.09,0.5,9.8,5,White
4.8,0.17,0.28,2.9,0.03,22,111,0.9902,3.38,0.34,11.3,7,White
6.3,0.32,0.32,1.5,0.037,12,76,0.98993,3.3,0.46,12.3,6,White
6.3,0.25,0.44,1.7,0.024,36,116,0.98935,3.18,0.4,12.5,6,White
7.7,0.63,0.08,1.9,0.076,15,27,0.9967,3.32,0.54,9.5,6,Red
7.6,0.15,0.35,4.3,0.051,23,98,0.99422,3.1,0.44,9.5,6,White
6,0.22,0.33,12.2,0.033,25,97,0.99356,3.17,0.42,11.3,7,White
6.6,0.3,0.74,4.6,0.041,36,159,0.9946,3.21,0.45,9.9,5,White
7.3,0.38,0.21,2,0.08,7,35,0.9961,3.33,0.47,9.5,5,Red
8.9,0.48,0.53,4,0.101,3,10,0.99586,3.21,0.59,12.1,7,Red
5.7,0.18,0.26,2.2,0.023,21,95,0.9893,3.07,0.54,12.3,6,White
7.7,0.28,0.35,15.3,0.056,31,117,0.9998,3.27,0.5,9.6,5,White
7.3,0.49,0.1,2.6,0.068,4,14,0.99562,3.3,0.47,10.5,5,Red
6,0.29,0.2,12.6,0.045,45,187,0.9972,3.33,0.42,9.5,5,White
7.2,0.34,0.3,8.4,0.051,40,167,0.99756,3.48,0.62,9.7,5,White
5.8,0.61,0.11,1.8,0.066,18,28,0.99483,3.55,0.66,10.9,6,Red
6.3,0.41,0.22,7.3,0.035,23,117,0.99172,3.2,0.39,11.94,7,White
7.2,0.27,0.46,18.75,0.052,45,255,1,3.04,0.52,8.9,5,White
15,0.21,0.44,2.2,0.075,10,24,1.00005,3.07,0.84,9.2,7,Red
7.1,0.21,0.72,1.6,0.167,65,120,0.99324,2.97,0.51,9.2,5,White
6.1,0.16,0.29,6,0.03,29,144,0.99474,3.68,0.46,10.7,6,White
6.2,0.22,0.3,12.4,0.054,108,152,0.99728000000000006,3.1,0.47,9.5,6,White
5.1,0.52,0.06,2.7,0.052,30,79,0.9932,3.32,0.43,9.3,5,White
7.1,0.3,0.36,6.8,0.055,44.5,234,0.9972,3.49,0.64,10.2,6,White
5.6,0.245,0.25,9.7,0.032,12,68,0.994,3.31,0.34,10.5,5,White
6.6,0.41,0.27,10.7,0.11,20,103,0.99672,3.08,0.41,9,6,White
8.8,0.42,0.21,2.5,0.092,33,88,0.99823,3.19,0.52,9.2,5,Red
8.5,0.56,0.74,17.85,0.051,51,243,1.0005,2.99,0.7,9.2,5,White
7.4,0.29,0.48,12.8,0.037,61.5,182,0.99808,3.02,0.34,8.8,5,White
8,0.58,0.28,3.2,0.066,21,114,0.9973,3.22,0.54,9.4,6,Red
6.2,0.39,0.24,4.8,0.037,45,138,0.99174,3.23,0.43,11.2,7,White
9.6,0.56,0.31,2.8,0.089,15,46,0.9979,3.11,0.92,10,6,Red
6.7,0.16,0.32,12.5,0.035,18,156,0.99666,2.88,0.36,9,6,White
6.6,0.44,0.15,2.1,0.076,22,53,0.9957,3.32,0.62,9.3,5,Red
6.4,0.25,0.37,4.5,0.039,41,147,0.9921,3.18,0.4,11.1,7,White
9.2,0.35,0.39,0.9,0.042,15,61,0.9924,2.96,0.28,10.4,4,White
6.4,0.56,0.15,1.8,0.078,17,65,0.99294,3.33,0.6,10.5,6,Red
6.4,0.27,0.3,1.6,0.04,19,86,0.99089,3.32,0.65,11.5,6,White
6,0.29,0.41,10.8,0.048,55,149,0.9937,3.09,0.59,11,7,White
6.7,0.105,0.32,12.4,0.051,34,106,0.998,3.54,0.45,9.2,6,White
11.2,0.4,0.5,2,0.099,19,50,0.99783,3.1,0.58,10.4,5,Red
7.5,0.33,0.38,8.7,0.126,49,199,0.99711,2.98,0.57,9.4,5,White
6.5,0.43,0.31,3.6,0.046,19,143,0.99022,3.15,0.34,12,8,White
6,0.38,0.26,3.5,0.035,38,111,0.98872,3.18,0.47,13.6,7,White
7.5,0.23,0.49,7.7,0.049,61,209,0.9941,3.14,0.3,11.1,7,White
7.8,0.23,0.28,4.75,0.042,45,166,0.9928,2.96,0.4,11.5,5,White
8,0.16,0.36,1.5,0.033,14,122,0.9941,3.2,0.39,10.3,4,White
5.8,0.22,0.29,1.3,0.036,25,68,0.98865,3.24,0.35,12.6,6,White
11.3,0.34,0.45,2,0.082,6,15,0.9988,2.94,0.66,9.2,6,Red
8.4,1.035,0.15,6,0.073,11,54,0.999,3.37,0.49,9.9,5,Red
6,0.36,0.06,1.4,0.066,27,128,0.9934,3.26,0.55,9.3,5,White
6.4,0.64,0.21,1.8,0.081,14,31,0.99689,3.59,0.66,9.8,5,Red
7.4,0.33,0.44,7.6,0.05,40,227,0.99679,3.12,0.52,9,5,White
7.4,0.67,0.12,1.6,0.186,5,21,0.996,3.39,0.54,9.5,5,Red
7.6,0.51,0.15,2.8,0.11,33,73,0.9955,3.17,0.63,10.2,6,Red
5,0.33,0.16,1.5,0.049,10,97,0.9917,3.48,0.44,10.7,6,White
7.1,0.2,0.36,11.6,0.042,45,124,0.997,2.92,0.59,9.5,7,White
6,0.31,0.32,7.4,0.175,47,159,0.9952,3.19,0.5,9.4,6,White
7.2,0.41,0.3,2.1,0.083,35,72,0.997,3.44,0.52,9.4,5,Red
7.6,0.31,0.49,13.4,0.062,50,191,0.9989,3.22,0.53,9,4,White
6.7,0.33,0.34,6.6,0.067,35,156,0.99542,3.11,0.48,9.3,6,White
6.7,0.24,0.26,12.6,0.053,44,182,0.99802,3.42,0.42,9.7,5,White
7.3,0.19,0.27,13.9,0.057,45,155,0.99807,2.94,0.41,8.8,8,White
6.7,0.24,0.39,2.9,0.173,63,157,0.9937,3.1,0.34,9.4,6,White
9.1,0.28,0.49,2,0.059,10,112,0.9958,3.15,0.46,10.1,5,White
8,0.6,0.08,2.6,0.056,3,7,0.99286,3.22,0.37,13,5,Red
6.8,0.26,0.29,11.9,0.052,54,160,0.99546,3.03,0.58,10.4,6,White
7.4,0.18,0.36,13.1,0.056,72,163,1,3.42,0.35,9.1,6,White
5.9,0.27,0.32,2,0.034,31,102,0.98952,3.16,0.56,12.3,6,White
7.5,0.34,0.28,4,0.028,46,100,0.98958,3.2,0.5,13.2,7,White
5,0.455,0.18,1.9,0.036,33,106,0.98746,3.21,0.83,14,7,White
5.6,0.295,0.26,1.1,0.035,40,102,0.99154,3.47,0.56,10.6,6,White
6.7,0.28,0.28,2.4,0.012,36,100,0.99064,3.26,0.39,11.7,7,Red
7.5,0.34,0.35,6,0.034,12,126,0.9924,3.16,0.39,12,7,White
6.1,0.38,0.14,3.9,0.06,27,113,0.99344,3.07,0.34,9.2,4,White
6,0.22,0.23,5,0.045,10,122,0.99261,2.94,0.63,10,6,White
8.1,0.78,0.23,2.6,0.059,5,15,0.997,3.37,0.56,11.3,5,Red
8.9,0.21,0.34,7.1,0.037,33,150,0.9962,3.1,0.45,9.7,6,White
7.3,0.19,0.27,13.9,0.057,45,155,0.99807,2.94,0.41,8.8,8,White
7.5,0.22,0.29,4.8,0.05,33,87,0.994,3.14,0.42,9.9,5,White
6.4,0.3,0.36,2,0.052,18,141,0.99273,3.38,0.53,10.5,6,White
7.2,0.21,0.33,3,0.036,35,132,0.9928,3.25,0.4,11,6,White
6.7,0.16,0.64,2.1,0.059,24,52,0.99494,3.34,0.71,11.2,6,Red
7.2,0.61,0.08,4,0.082,26,108,0.99641,3.25,0.51,9.4,5,Red
7.1,0.59,0.01,2.3,0.08,27,43,0.9955,3.42,0.58,10.7,6,Red
6.2,0.36,0.24,2.2,0.095,19,42,0.9946,3.57,0.57,11.7,6,Red
7.6,0.21,0.44,1.9,0.036,10,119,0.9913,3.01,0.7,12.8,6,White
6.8,0.4,0.29,2.8,0.044,27,97,0.9904,3.12,0.42,11.2,6,White
7.5,0.65,0.18,7,0.088,27,94,0.99915,3.38,0.77,9.4,5,Red
7.4,0.3,0.3,5.2,0.053,45,163,0.9941,3.12,0.45,10.3,6,White
6.4,0.27,0.29,3.9,0.034,62,140,0.99237,3.1,0.59,11.1,6,White
7.2,0.36,0.46,2.1,0.074,24,44,0.99534,3.4,0.85,11,7,Red
6.4,0.21,0.3,5.6,0.044,43,160,0.9949,3.6,0.41,10.6,6,White
6.3,0.27,0.46,11.75,0.037,61,212,0.9971,3.25,0.53,9.5,6,White
5.6,0.25,0.26,3.6,0.037,18,115,0.9904,3.42,0.5,12.6,6,White
9,0.38,0.53,2.1,0.102,19,76,0.99001,2.93,0.57,12.9,5,White
5.7,0.25,0.27,11.5,0.04,24,120,0.99411,3.33,0.31,10.8,6,White
6.3,0.51,0.13,2.3,0.076,29,40,0.99574,3.42,0.75,11,6,Red
7.4,0.2,0.33,1.9,0.035,39,138,0.991,3.17,0.44,11.7,7,White
5.6,0.66,0,2.2,0.087,3,11,0.99378,3.71,0.63,12.8,7,Red
7.7,0.6,0.06,2,0.079,19,41,0.99697,3.39,0.62,10.1,6,Red
6.3,0.255,0.37,1.1,0.04,37,114,0.9905,3,0.39,10.9,6,White
5.4,0.46,0.15,2.1,0.026,29,130,0.98953,3.39,0.77,13.4,8,White
13,0.32,0.65,2.6,0.093,15,47,0.9996,3.05,0.61,10.6,5,Red
6.8,0.915,0.29,4.8,0.07,15,39,0.99577,3.53,0.54,11.1,5,Red
6.2,0.24,0.22,7.9,0.053,45,149,0.99545,3.23,0.52,9.3,5,White
8.4,0.18,0.42,5.1,0.036,7,77,0.9939,3.16,0.52,11.7,5,White
5.1,0.165,0.22,5.7,0.047,42,146,0.9934,3.18,0.55,9.9,6,White
9.7,0.42,0.46,2.1,0.074,5,16,0.99649,3.27,0.74,12.3,6,Red
5.8,0.385,0.25,3.7,0.031,38,122,0.99128,3.2,0.63,11.2,6,White
6.8,0.18,0.28,9.8,0.039,29,113,0.99406,3.11,0.45,10.9,7,White
8.4,0.65,0.6,2.1,0.112,12,90,0.9973,3.2,0.52,9.2,5,Red
7.2,0.21,0.36,15.7,0.045,68,183,0.99922,3.25,0.76,9.4,5,White
7.1,0.16,0.36,1.2,0.043,21,90,0.9925,3.16,0.42,11,7,White
6.5,0.23,0.45,2.1,0.027,43,104,0.99054,3.02,0.52,11.3,6,White
10.3,0.5,0.42,2,0.069,21,51,0.9982,3.16,0.72,11.5,6,Red
7.5,0.4,0.18,1.6,0.079,24,58,0.9965,3.34,0.58,9.4,5,Red
6.3,0.28,0.24,8.45,0.031,32,172,0.9958,3.39,0.57,9.7,7,White
5.7,0.43,0.3,5.7,0.039,24,98,0.992,3.54,0.61,12.3,7,White
7.7,0.26,0.4,1.1,0.042,9,60,0.9915,2.89,0.5,10.6,5,White
5.9,0.55,0.1,2.2,0.062,39,51,0.99512,3.52,0.76,11.2,6,Red
6.6,0.23,0.3,14.9,0.051,33,118,0.99835,3.04,0.54,9,6,White
6.1,0.24,0.3,1.5,0.045,22,61,0.992,3.31,0.54,10.4,5,White
7.4,0.29,0.28,10.2,0.032,43,138,0.9951,3.1,0.47,10.6,6,White
7.6,0.39,0.31,2.3,0.082,23,71,0.9982,3.52,0.65,9.7,5,Red
6.2,0.3,0.17,2.8,0.04,24,125,0.9939,3.01,0.46,9,5,White
12,0.37,0.76,4.2,0.066,7,38,1.0004,3.22,0.6,13,7,Red
7.6,0.285,0.32,14.6,0.063,32,201,0.998,3,0.45,9.2,5,White
7,0.58,0.12,1.9,0.091,34,124,0.9956,3.44,0.48,10.5,5,Red
7.5,0.33,0.36,2.6,0.051,26,126,0.99097,3.32,0.53,12.7,6,White
8.1,0.26,0.37,1.9,0.072,48,159,0.9949,3.37,0.7,10.9,6,White
7.6,0.23,0.34,1.6,0.043,24,129,0.99305,3.12,0.7,10.4,5,White
5.6,0.26,0.5,11.4,0.029,25,93,0.99428,3.23,0.49,10.5,6,White
7,0.35,0.31,1.8,0.069,15,162,0.9944,3.18,0.47,9.4,5,White
8.2,0.18,0.38,1.1,0.04,41,92,0.99062,2.88,0.6,12,6,White
7.2,0.39,0.62,11,0.047,66,178,0.9976,3.16,0.5,8.7,5,White
7.8,0.18,0.31,12.2,0.053,46,140,0.998,3.06,0.53,8.9,6,White
6.8,0.18,0.3,12.8,0.062,19,171,0.99808,3,0.52,9,7,White
9,0.82,0.14,2.6,0.089,9,23,0.9984,3.39,0.63,9.8,5,Red
7.6,0.17,0.35,1.6,0.047,43,154,0.9934,3.36,0.69,11.1,6,White
6.9,0.765,0.18,2.4,0.243,5.5,48,0.99612,3.4,0.6,10.3,6,Red
6.8,0.14,0.35,1.5,0.047,40,117,0.99111,3.07,0.72,11.1,6,White
7.1,0.27,0.31,18.2,0.046,55,252,1,3.07,0.56,8.7,5,White
6.6,0.63,0,4.3,0.093,51,77.5,0.99558,3.2,0.45,9.5,5,Red
6.3,0.21,0.33,13.9,0.046,68,179,0.9971,3.36,0.5,10.4,6,White
7.2,0.29,0.18,8.2,0.042,41,180,0.99644,3.16,0.49,9.1,5,White
6.7,0.42,0.27,8.6,0.068,24,148,0.9948,3.16,0.57,11.3,6,Red
7.7,0.96,0.2,2,0.047,15,60,0.9955,3.36,0.44,10.9,5,Red
7.5,0.16,0.38,12.7,0.043,70.5,163,0.99706,3.15,0.82,10.4,7,White
8.6,0.2,0.42,1.5,0.041,35,125,0.9925,3.11,0.49,11.4,7,White
5.4,0.24,0.18,2.3,0.05,22,145,0.99207,3.24,0.46,10.3,5,White
8.3,0.2,0.49,1.7,0.038,38,167,0.9939,3.05,0.37,10.1,6,White
6.9,0.39,0.4,4.6,0.022,5,19,0.9915,3.31,0.37,12.6,3,White
10.2,0.67,0.39,1.9,0.054,6,17,0.9976,3.17,0.47,10,5,Red
6,0.24,0.41,1.3,0.036,42,118,0.99018,3.04,0.64,11.75,6,White
7,0.23,0.4,1.6,0.063,21,67,0.9952,3.5,0.63,11.1,5,Red
6.8,0.815,0,1.2,0.267,16,29,0.99471,3.32,0.51,9.8,3,Red
5.7,0.23,0.28,9.65,0.025,26,121,0.9925,3.28,0.38,11.3,6,White
6.2,0.27,0.18,1.5,0.028,20,111,0.99228,3.41,0.5,10,5,White
7.2,0.35,0.25,5.6,0.032,23,120,0.99334,2.93,0.66,10.3,7,White
5.2,0.34,0,1.8,0.05,27,63,0.9916,3.68,0.79,14,6,Red
6.8,0.24,0.33,3.2,0.049,68,161,0.99324,3.1,0.69,10.2,6,White
5.9,0.26,0.4,1.3,0.047,12,139,0.9945,3.45,0.53,10.4,5,White
6.3,0.3,0.24,6.6,0.04,38,141,0.995,3.22,0.47,9.5,5,White
9.1,0.29,0.33,2.05,0.063,13,27,0.99516,3.26,0.84,11.7,7,Red
6.4,0.28,0.36,1.3,0.053,28,186,0.99211,3.31,0.45,10.8,5,White
7.2,0.19,0.31,6.3,0.034,17,103,0.99305,3.15,0.52,11.4,7,White
6.6,0.24,0.33,10.1,0.032,8,81,0.99626,3.19,0.51,9.8,6,White
7.8,0.34,0.37,2,0.082,24,58,0.9964,3.34,0.59,9.4,6,Red
8.2,0.73,0.21,1.7,0.074,5,13,0.9968,3.2,0.52,9.5,5,Red
7.4,0.24,0.29,10.1,0.05,21,105,0.9962,3.13,0.35,9.5,5,White
8.8,0.61,0.19,4,0.094,30,69,0.99787,3.22,0.5,10,6,Red
5.8,0.68,0.02,1.8,0.087,21,94,0.9944,3.54,0.52,10,5,Red
11.5,0.59,0.59,2.6,0.087,13,49,0.9988,3.18,0.65,11,6,Red
6.2,0.57,0.1,2.1,0.048,4,11,0.99448,3.44,0.76,10.8,6,Red
7.9,0.3,0.68,8.3,0.05,37.5,289,0.99316,3.01,0.51,12.3,7,Red
6.8,0.46,0.26,6.3,0.147,49,159,0.99434,3.14,0.47,10,5,White
6.6,0.22,0.36,5.5,0.029,30,105,0.99206,3.2,0.47,11.8,6,White
5.7,0.36,0.21,6.7,0.038,51,166,0.9941,3.29,0.63,10,6,White
8.6,0.49,0.51,2,0.422,16,62,0.9979,3.03,1.17,9,5,Red
5.4,0.58,0.08,1.9,0.059,20,31,0.99484,3.5,0.64,10.2,6,Red
7.9,0.22,0.38,8,0.043,46,152,0.9934,3.12,0.32,11.5,7,White
7.2,0.2,0.25,4.5,0.044,31,109,0.9949,3.23,0.36,9.4,5,White
6.7,0.64,0.3,1.2,0.03,18,76,0.9892,3.16,0.6,12.9,4,White
7.1,0.23,0.35,16.5,0.04,60,171,0.999,3.16,0.59,9.1,6,White
7.2,0.31,0.35,7.2,0.046,45,178,0.9955,3.14,0.53,9.7,5,White
5.8,0.26,0.24,9.2,0.044,55,152,0.9961,3.31,0.38,9.4,5,White
6,0.43,0.34,7.6,0.045,25,118,0.99222,3.03,0.37,11,6,White
7.1,0.23,0.39,13.7,0.058,26,172,0.99755,2.9,0.46,9,6,White
8,0.37,0.32,1.6,0.04,32,166,0.992,3,0.55,11.3,7,White
6.1,0.33,0.32,7.8,0.052,52,183,0.99657,3.39,0.65,9.5,5,White
8.3,0.675,0.26,2.1,0.084,11,43,0.9976,3.31,0.53,9.2,4,Red
7.3,0.735,0,2.2,0.08,18,28,0.99765,3.41,0.6,9.4,5,Red
6.2,0.3,0.33,3.5,0.037,37,155,0.98987,3.18,0.37,12.4,6,White
8.6,0.23,0.4,4.2,0.035,17,109,0.9947,3.14,0.53,9.7,5,White
8.1,0.3,0.49,8.1,0.037,26,174,0.9943,3.1,0.3,11.2,7,White
6.3,0.6,0.1,1.6,0.048,12,26,0.99306,3.55,0.51,12.1,5,Red
8.2,0.26,0.34,2.5,0.073,16,47,0.99594,3.4,0.78,11.3,7,Red
7.1,0.28,0.19,7.8,0.04,48,184,0.99579,3.16,0.5,9.4,5,White
7.3,0.25,0.36,13.1,0.05,35,200,0.9986,3.04,0.46,8.9,7,White
8.6,0.22,0.36,1.9,0.064,53,77,0.99604,3.47,0.87,11,7,Red
6.8,0.21,0.27,18.15,0.042,41,146,1.0001,3.3,0.36,8.7,5,White
7.1,0.28,0.44,1.8,0.032,32,107,0.9907,3.25,0.48,12.2,7,White
6.9,0.32,0.13,7.8,0.042,11,117,0.996,3.23,0.37,9.2,5,White
7.8,0.24,0.18,6.7,0.046,33,160,0.9963,3.2,0.56,9.8,6,White
7.1,0.68,0,2.3,0.087,17,26,0.99783,3.45,0.53,9.5,5,Red
8.1,0.545,0.18,1.9,0.08,13,35,0.9972,3.3,0.59,9,6,Red
6.1,0.2,0.34,9.5,0.041,38,201,0.995,3.14,0.44,10.1,3,White
5.4,0.375,0.4,3.3,0.054,29,147,0.99482,3.42,0.52,9.1,5,White
6.7,0.34,0.26,1.9,0.038,58,138,0.9893,3,0.47,12.2,7,White
7.2,0.29,0.4,13.6,0.045,66,231,0.9977,3.08,0.59,9.6,6,White
7.4,0.25,0.49,1.1,0.042,35,156,0.9917,3.13,0.55,11.3,5,White
5.4,0.53,0.16,2.7,0.036,34,128,0.98856,3.2,0.53,13.2,8,White
6.4,0.25,0.74,7.8,0.045,52,209,0.9956,3.21,0.42,9.2,6,White
7,0.45,0.34,19.8,0.04,12,67,0.9976,3.07,0.38,11,6,White
6.6,0.29,0.31,3.9,0.027,39,96,0.99035,3.24,0.6,12.6,8,White
6.9,0.2,0.37,6.2,0.027,24,97,0.992,3.38,0.49,12.2,7,White
6.6,0.25,0.29,1.1,0.068,39,124,0.9914,3.34,0.58,11,7,White
7.3,0.305,0.39,1.2,0.059,7,11,0.99331,3.29,0.52,11.5,6,Red
6.9,0.2,0.4,7.7,0.032,51,176,0.9939,3.22,0.27,11.4,5,White
5.9,0.23,0.24,1.6,0.037,32,115,0.99076,3.21,0.51,11.4,6,White
6,0.39,0.26,2.7,0.038,39,187,0.99325,3.41,0.5,10.8,6,White
6.6,0.24,0.24,8.6,0.034,25,135,0.99582,3.33,0.59,10.3,6,White
5.9,0.27,0.27,9,0.051,43,136,0.9941,3.25,0.53,10.7,6,White
6.6,0.21,0.5,8.7,0.036,41,191,0.99294,2.96,0.56,11,6,White
6.7,0.46,0.27,5.2,0.039,35,96,0.99129,3.16,0.44,12.4,7,White
6.2,0.27,0.43,7.8,0.056,48,244,0.9956,3.1,0.51,9,6,White
7,0.39,0.21,10.7,0.098,13,91,0.99657,3.03,0.47,9.3,5,White
6.6,0.15,0.34,1,0.037,45,79,0.98949,2.96,0.5,11.7,6,White
6.4,0.53,0.09,3.9,0.123,14,31,0.9968,3.5,0.67,11,4,Red
8.5,0.15,0.49,1.5,0.031,17,122,0.9932,3.03,0.4,10.3,6,White
6.5,0.33,0.3,3.8,0.036,34,88,0.99028,3.25,0.63,12.5,7,White
6.4,0.18,0.32,9.6,0.052,24,90,0.9963,3.35,0.49,9.4,6,White
7.4,0.33,0.26,15.6,0.049,67,210,0.99907,3.06,0.68,9.5,5,White
5.7,0.23,0.25,7.95,0.042,16,108,0.99486,3.44,0.61,10.3,6,White
6.6,0.25,0.3,1.6,0.046,32,134,0.993,3.42,0.51,10.1,7,White
6.3,0.19,0.33,10.1,0.063,63,133,0.99561,2.86,0.41,9.1,5,White
6.6,0.21,0.29,5.35,0.029,43,106,0.99112,2.93,0.43,11.5,7,White
6.4,0.64,0.21,1.8,0.081,14,31,0.99689,3.59,0.66,9.8,5,Red
12,0.28,0.49,1.9,0.074,10,21,0.9976,2.98,0.66,9.9,7,Red
5.8,0.29,0.33,3.7,0.029,30,88,0.98994,3.25,0.42,12.3,6,White
8.5,0.32,0.42,2.3,0.075,12,19,0.99434,3.14,0.71,11.8,7,Red
8.1,0.28,0.34,1.3,0.035,11,126,0.99232,3.14,0.5,9.8,6,White
8.9,0.31,0.36,2.6,0.056,10,39,0.99562,3.4,0.69,11.8,5,Red
6.8,0.19,0.23,5.1,0.034,71,204,0.9942,3.23,0.69,10.1,5,White
5.6,0.54,0.04,1.7,0.049,5,13,0.9942,3.72,0.58,11.4,5,Red
7.1,0.43,0.25,2.8,0.036,43,132,0.98975,3.21,0.47,13.4,6,White
8.7,0.3,0.59,1.7,0.046,10,70,0.99373,3.06,0.56,10.8,4,White
6.7,0.47,0.34,8.9,0.043,31,172,0.9964,3.22,0.6,9.2,5,White
6.3,0.33,0.2,5.8,0.04,24,144,0.99425,3.15,0.63,9.9,5,White
6.4,0.5,0.16,12.9,0.042,26,138,0.9974,3.28,0.33,9,5,White
6.1,0.27,0.32,1.1,0.034,24,110,0.9898,3.36,0.4,12.5,6,White
7,0.54,0.09,2,0.081,10,16,0.99479,3.43,0.59,11.5,6,Red
6.9,0.31,0.32,1.2,0.024,20,166,0.99208,3.05,0.54,9.8,6,White
7.9,0.34,0.44,6.5,0.027,47,126,0.99124,2.96,0.37,12.5,6,White
7.8,0.58,0.02,2,0.073,9,18,0.9968,3.36,0.57,9.5,7,Red
7,0.23,0.42,5.1,0.042,37,144,0.99518,3.5,0.59,10.2,6,White
6.6,0.39,0.39,11.9,0.057,51,221,0.99851,3.26,0.51,8.9,6,White
6.4,0.55,0.26,9.6,0.027,20,104,0.9924,3.22,0.73,13.1,6,White
9,0.58,0.25,2,0.104,8,21,0.99769,3.27,0.72,9.6,5,Red
7,0.36,0.21,2.4,0.086,24,69,0.99556,3.4,0.53,10.1,6,Red
6.2,0.66,0.48,1.2,0.029,29,75,0.9892,3.33,0.39,12.8,8,White
9.8,0.88,0.25,2.5,0.104,35,155,1.001,3.41,0.67,11.2,5,Red
7.1,0.43,0.61,11.8,0.045,54,155,0.9974,3.11,0.45,8.7,5,White
6.1,0.32,0.24,1.5,0.036,38,124,0.9898,3.29,0.42,12.4,7,White
6.5,0.28,0.25,4.8,0.029,54,128,0.99074,3.17,0.44,12.2,7,White
8.6,0.34,0.36,1.4,0.045,11,119,0.99556,3.17,0.47,9.4,4,White
6,0.27,0.3,14.7,0.044,15,144,0.99666,3.12,0.53,10.3,6,White
6.5,0.53,0.06,2,0.063,29,44,0.99489,3.38,0.83,10.3,6,Red
7.3,0.37,0.16,14.9,0.048,59,240,0.99902,3.13,0.45,8.9,5,White
6.4,0.29,0.28,11.1,0.063,66,169,0.9973,2.89,0.57,9,5,White
6.9,0.4,0.37,8.9,0.053,36,148,0.996,3.16,0.5,9.3,5,White
7.1,0.47,0.24,6,0.044,11,77,0.9956,3.21,0.56,9.7,5,White
7.4,0.21,0.3,7.9,0.039,14,118,0.9942,2.96,0.34,10.4,5,White
8.2,0.29,0.33,9.1,0.036,28,118,0.9953,2.96,0.4,10.9,7,White
6.7,0.37,0.25,2.5,0.028,24,84,0.9909,3.14,0.36,11.7,6,White
9.4,0.59,0.14,2,0.084,25,48,0.9981,3.14,0.56,9.7,5,Red
6,0.18,0.31,1.4,0.036,14,75,0.99085,3.34,0.58,11.1,8,White
6.3,0.28,0.29,6.8,0.051,40,143,0.99374,3.43,0.59,11,6,White
6.2,0.18,0.3,1,0.031,23,73,0.99032,3.23,0.52,11.3,6,White
6.4,0.22,0.31,13.9,0.04,57,135,0.99672,3.21,0.38,10.7,5,White
8,0.38,0.44,1.9,0.098,6,15,0.9956,3.3,0.64,11.4,6,Red
6.4,0.16,0.44,1.2,0.051,39,122,0.99058,3.11,0.75,11.3,7,White
7.1,0.12,0.3,3.1,0.018,15,37,0.99004,3.02,0.52,11.9,7,White
4.7,0.335,0.14,1.3,0.036,69,168,0.99212,3.47,0.46,10.5,5,White
7,0.15,0.38,2.2,0.047,33,96,0.9928,3.13,0.39,10.4,8,White
6.3,0.16,0.4,1.6,0.033,59,148,0.9914,3.44,0.53,11.4,5,White
6.5,0.14,0.33,7.6,0.05,53,189,0.9966,3.25,0.49,8.6,5,White
6.4,0.69,0.09,7.6,0.044,34,144,0.9948,3.26,0.38,10.1,6,White
11,0.2,0.48,2,0.343,6,18,0.9979,3.3,0.71,10.5,5,Red
6.8,0.34,0.74,2.8,0.088,23,185,0.9928,3.51,0.7,12,6,White
4.7,0.145,0.29,1,0.042,35,90,0.9908,3.76,0.49,11.3,6,White
6.3,0.24,0.29,1.6,0.052,48,185,0.9934,3.21,0.5,9.4,5,White
6.8,0.35,0.53,10.1,0.053,37,151,0.9963,3.07,0.4,9.4,5,White
6.9,0.38,0.25,9.8,0.04,28,191,0.9971,3.28,0.61,9.2,5,White
6.8,0.33,0.3,2.1,0.047,35,147,0.9886,3.24,0.56,13.4,6,White
6.3,0.22,0.33,1.7,0.041,67,164,0.9928,3.32,0.56,10.4,6,White
7,0.34,0.1,3.5,0.044,17,63,0.9937,3.01,0.39,9.2,5,White
9.6,0.21,0.28,1.2,0.038,12,53,0.9926,2.8,0.46,10.6,5,White
7.6,0.3,0.27,10.6,0.039,31,119,0.99815,3.27,0.3,9.3,6,White
6.5,0.22,0.32,2.2,0.028,36,92,0.99076,3.27,0.59,11.9,7,White
6.8,0.24,0.49,19.3,0.057,55,247,1.00055,3,0.56,8.7,5,White
8.6,0.38,0.36,3,0.081,30,119,0.997,3.2,0.56,9.4,5,Red
7,0.29,0.49,3.8,0.047,37,136,0.9938,2.95,0.4,9.4,6,White
7.5,0.63,0.12,5.1,0.111,50,110,0.9983,3.26,0.77,9.4,5,Red
6.7,0.33,0.34,7.5,0.036,39,124,0.99123000000000006,2.99,0.32,12.4,8,White
7.8,0.5,0.12,1.8,0.178,6,21,0.996,3.28,0.87,9.8,6,Red
7.3,0.25,0.39,6.4,0.034,8,84,0.9942,3.18,0.46,11.5,5,White
6.6,0.16,0.34,1.1,0.037,41,115,0.9899,3.01,0.68,12,6,White
6.4,0.475,0.06,1,0.03,9,131,0.9904,2.97,0.29,10.8,5,White
7.6,0.3,0.42,2,0.052,6,24,0.9963,3.44,0.82,11.9,6,Red
11.4,0.36,0.69,2.1,0.09,6,21,1,3.17,0.62,9.2,6,Red
7.4,0.27,0.49,1.1,0.037,33,156,0.992,3.15,0.54,11.1,6,White
6.8,0.68,0.09,3.9,0.068,15,29,0.99524,3.41,0.52,11.1,4,Red
9.3,0.36,0.39,1.5,0.08,41,55,0.99652,3.47,0.73,10.9,6,Red
6.4,0.33,0.24,1.6,0.054,25,117,0.9943,3.36,0.5,9.3,5,White
6.4,0.22,0.32,7.2,0.028,15,83,0.993,3.13,0.55,10.9,8,White
6.8,0.2,0.59,0.9,0.147,38,132,0.993,3.05,0.38,9.1,6,White
9,0.46,0.23,2.8,0.092,28,104,0.9983,3.1,0.56,9.2,5,Red
7.3,0.2,0.44,1.4,0.045,21,98,0.9924,3.15,0.46,10,7,White
6.4,0.24,0.26,8.2,0.054,47,182,0.99538,3.12,0.5,9.5,5,White
7.2,0.34,0.21,2.5,0.075,41,68,0.99586,3.37,0.54,10.1,6,Red
11.9,0.58,0.58,1.9,0.071,5,18,0.998,3.09,0.63,10,6,Red
6.3,0.6,0.44,11,0.05,50,245,0.9972,3.19,0.57,9.3,4,White
6.9,0.52,0.25,2.6,0.081,10,37,0.99685,3.46,0.5,11,5,Red
7.8,0.445,0.56,1,0.04,8,84,0.9938,3.25,0.43,10.8,5,White
6,0.28,0.52,6.2,0.028,37,104,0.99161,3.28,0.51,11.8,7,White
6.8,0.57,0,2.5,0.072,32,64,0.99491,3.43,0.56,11.2,6,Red
7.1,0.34,0.28,2,0.082,31,68,0.99694,3.45,0.48,9.4,5,Red
7.1,0.18,0.39,15.25,0.047,45,158,0.99946,3.34,0.77,9.1,6,White
5.8,0.31,0.32,4.5,0.024,28,94,0.98906,3.25,0.52,13.7,7,White
6.6,0.21,0.36,0.8,0.034,48,113,0.99165,3.24,0.68,10.5,6,White
5.9,0.29,0.32,1.4,0.022,17,47,0.9899,3.35,0.35,11.5,6,White
5.8,0.38,0.26,1.1,0.058,20,140,0.99271,3.27,0.43,9.7,6,White
6.6,0.24,0.28,1.8,0.028,39,132,0.99182,3.34,0.46,11.4,5,White
7.9,0.34,0.36,1.9,0.065,5,10,0.99419,3.27,0.54,11.2,7,Red
7.1,0.28,0.35,3.5,0.028,35,91,0.99022,2.96,0.33,12.1,5,White
9.2,0.755,0.18,2.2,0.148,10,103,0.9969,2.87,1.36,10.2,6,Red
10.6,0.48,0.64,2.2,0.111,6,20,0.997,3.26,0.66,11.7,6,Red
6,0.16,0.3,6.7,0.043,43,153,0.9951,3.63,0.46,10.6,5,White
7.6,0.345,0.26,1.9,0.043,15,134,0.9936,3.08,0.38,9.5,5,White
6.7,0.24,0.41,8.7,0.036,29,148,0.9952,3.22,0.62,9.9,6,White
7.7,0.28,0.35,15.3,0.056,31,117,0.9998,3.27,0.5,9.6,5,White
6.7,0.28,0.28,4.5,0.051,14,92,0.99224,3.36,0.58,11.9,6,White
6.2,0.16,0.33,1.1,0.057,21,82,0.991,3.32,0.46,10.9,7,White
7,0.32,0.34,1.3,0.042,20,69,0.9912,3.31,0.65,12,7,White
5.4,0.27,0.22,4.6,0.022,29,107,0.98889,3.33,0.54,13.8,6,White
6.7,0.3,0.74,5,0.038,35,157,0.9945,3.21,0.46,9.9,5,White
10,0.58,0.22,1.9,0.08,9,32,0.9974,3.13,0.55,9.5,5,Red
6.9,0.51,0.23,2,0.072,13,22,0.99438,3.4,0.84,11.2,6,Red
10.2,0.29,0.65,2.4,0.075,6,17,0.99565,3.22,0.63,11.8,6,Red
7.4,0.22,0.33,2,0.045,31,101,0.9931,3.42,0.55,11.4,5,White
6.1,0.21,0.38,1.5,0.039,37,122,0.98972,3.2,0.43,12,6,White
7.4,0.35,0.33,2.4,0.068,9,26,0.9947,3.36,0.6,11.9,6,Red
5.6,0.41,0.22,7.1,0.05,44,154,0.9931,3.3,0.4,10.5,5,White
7.3,0.24,0.39,3.6,0.024,35,116,0.9928,3.17,0.51,10.9,5,White
7.6,0.2,0.3,14.2,0.056,53,212.5,0.999,3.14,0.46,8.9,8,White
6.4,0.18,0.35,1,0.045,39,108,0.9911,3.31,0.35,10.9,6,White
9.3,0.39,0.44,2.1,0.107,34,125,0.9978,3.14,1.22,9.5,5,Red
7,0.19,0.33,6.3,0.032,42,127,0.99182,3.31,0.38,12.2,6,White
6.9,0.21,0.28,2.4,0.056,49,159,0.9944,3.02,0.47,8.8,8,White
6.8,0.32,0.34,6,0.05,5,129,0.9953,3.19,0.4,9.1,5,White
6.8,0.24,0.34,2.7,0.047,64.5,218.5,0.9934,3.3,0.58,9.7,6,White
8.2,0.885,0.2,1.4,0.086,7,31,0.9946,3.11,0.46,10,5,Red
7.1,0.23,0.28,1.9,0.046,33,103,0.98997,3.12,0.31,12,5,White
7.5,0.23,0.29,2.6,0.031,24,98,0.99194,3,0.54,10.9,6,White
7.6,0.32,0.58,16.75,0.05,43,163,0.9999,3.15,0.54,9.2,5,White
7.9,0.19,0.26,2.1,0.039,8,143,0.9942,3.05,0.74,9.8,5,White
7.1,0.39,0.39,11.1,0.034,25,204,0.99616,3.05,0.52,10,6,White
6.2,0.16,0.47,1.4,0.029,23,81,0.99,3.26,0.42,12.2,6,White
6.3,0.31,0.34,2.2,0.045,20,77,0.9927,3.3,0.43,10.2,5,White
8,0.3,0.63,1.6,0.081,16,29,0.99588,3.3,0.78,10.8,6,Red
6.8,0.26,0.24,7.8,0.052,54,214,0.9961,3.13,0.47,8.9,5,White
6.6,0.58,0.02,2.4,0.069,19,40,0.99387,3.38,0.66,12.6,6,Red
6.8,0.22,0.37,1.7,0.036,38,195,0.9908,3.35,0.72,12.5,6,White
7.1,0.29,0.49,1.2,0.031,32,99,0.9893,3.07,0.33,12.2,6,White
7,0.5,0.14,1.8,0.078,10,23,0.99636,3.53,0.61,10.4,5,Red
6.3,0.3,0.91,8.2,0.034,50,199,0.99394,3.39,0.49,11.7,6,White
5.8,0.32,0.31,2.7,0.049,25,153,0.99067,3.44,0.73,12.2,7,White
7.8,0.27,0.33,2.4,0.053,36,175,0.992,3.2,0.55,11,6,White
6,0.29,0.25,1.4,0.033,30,114,0.98794,3.08,0.43,13.2,6,White
6.6,0.24,0.35,7.7,0.031,36,135,0.9938,3.19,0.37,10.5,5,White
6,0.32,0.3,1.9,0.033,41,142,0.98912,3.29,0.42,12.8,7,White
10.6,1.02,0.43,2.9,0.076,26,88,0.9984,3.08,0.57,10.1,6,Red
13.3,0.29,0.75,2.8,0.084,23,43,0.9986,3.04,0.68,11.4,7,Red
6.2,0.21,0.28,5.7,0.028,45,121,0.99168,3.21,1.08,12.15,7,White
7.7,0.16,0.49,2,0.056,20,124,0.9948,3.32,0.49,10.7,6,White
8.2,0.64,0.27,2,0.095,5,77,0.99747,3.13,0.62,9.1,6,Red
7.7,0.665,0,2.4,0.09,8,19,0.9974,3.27,0.73,9.3,5,Red
7.5,0.28,0.34,4.2,0.028,36,116,0.991,2.99,0.41,12.3,8,White
7.9,0.54,0.34,2.5,0.076,8,17,0.99235,3.2,0.72,13.1,8,Red
6.2,0.39,0.24,4.8,0.037,45,138,0.99174,3.23,0.43,11.2,7,White
7.5,0.24,0.62,10.6,0.045,51,153,0.99779,3.16,0.44,8.8,5,White
6.7,0.31,0.31,9.9,0.04,10,175,0.9953,3.46,0.55,11.4,4,White
7.6,0.17,0.27,4.6,0.05,23,98,0.99422,3.08,0.47,9.5,6,White
6.4,0.22,0.34,1.4,0.023,56,115,0.98958,3.18,0.7,11.7,6,White
6.6,0.64,0.31,6.1,0.083,7,49,0.99718,3.35,0.68,10.3,5,Red
6.6,0.25,0.35,2.9,0.034,38,121,0.99008,3.19,0.4,12.8,6,White
6.4,0.33,0.24,9.8,0.041,29,109,0.9956,3.29,0.47,10.1,6,White
6.6,0.26,0.25,11.6,0.045,45,178,0.99691,3.33,0.43,9.8,6,White
6.7,0.76,0.02,1.8,0.078,6,12,0.996,3.55,0.63,9.95,3,Red
7,0.32,0.35,1.5,0.039,24,125,0.9918,3.17,0.64,12.2,6,White
6.9,0.3,0.49,7.6,0.057,25,156,0.9962,3.43,0.63,11,7,White
7.1,0.22,0.32,16.9,0.056,49,158,0.9998,3.37,0.38,9.6,6,White
7.2,0.2,0.36,2.5,0.028,22,157,0.9938,3.48,0.49,10.6,6,White
7.5,0.32,0.37,1.2,0.048,22,184,0.9938,3.09,0.43,9.3,5,White
7.7,0.22,0.42,1.9,0.052,10,87,0.9922,3.3,0.49,11.8,6,White
7.4,0.52,0.13,2.4,0.078,34,61,0.99528,3.43,0.59,10.8,6,Red
7,0.13,0.37,12.85,0.042,36,105,0.99581,3.05,0.55,10.7,6,White
11.6,0.42,0.53,3.3,0.105,33,98,1.001,3.2,0.95,9.2,5,Red
7.2,0.73,0.02,2.5,0.076,16,42,0.9972,3.44,0.52,9.3,5,Red
6.8,0.18,0.3,12.8,0.062,19,171,0.99808,3,0.52,9,7,White
7.8,0.54,0.26,2,0.088,23,48,0.9981,3.41,0.74,9.2,6,Red
7.6,0.23,0.64,12.9,0.033,54,170,0.998,3,0.53,8.8,5,White
7.1,0.52,0.03,2.6,0.076,21,92,0.99745,3.5,0.6,9.8,5,Red
8.9,0.4,0.51,2.6,0.052,13,27,0.995,3.32,0.9,13.4,7,Red
5.9,0.12,0.28,1.4,0.037,36,83,0.99074,3.33,0.42,10.9,7,White
7.4,0.14,0.3,1.3,0.033,25,91,0.99268,3.53,0.39,10.6,6,White
5.8,0.36,0.32,1.7,0.033,22,96,0.9898,3.03,0.38,11.2,6,White
7.3,0.38,0.21,2,0.08,7,35,0.9961,3.33,0.47,9.5,5,Red
7.6,0.31,0.23,12.7,0.054,20,139,0.99836,3.16,0.5,9.7,4,White
6.8,0.3,0.24,6.6,0.123,35,116,0.9953,3.07,0.48,9.4,5,White
6.8,0.21,0.31,2.9,0.046,40,121,0.9913,3.07,0.65,10.9,7,White
5.7,0.28,0.36,1.8,0.041,38,90,0.99002,3.27,0.98,11.9,7,White
6.9,0.27,0.25,7.5,0.03,18,117,0.99116,3.09,0.38,13,6,White
6.5,0.32,0.12,11.5,0.033,35,165,0.9974,3.22,0.32,9,5,White
7.7,0.38,0.4,2,0.038,28,152,0.9906,3.18,0.32,12.9,6,White
6.3,0.25,0.22,3.3,0.048,41,161,0.99256,3.16,0.5,10.5,6,White
8.3,0.705,0.12,2.6,0.092,12,28,0.9994,3.51,0.72,10,5,Red
5.8,0.13,0.26,5.1,0.039,19,103,0.99478,3.36,0.47,9.3,6,White
7,0.16,0.3,2.6,0.043,34,90,0.99047,2.88,0.47,11.2,6,White
6.5,0.23,0.39,1.9,0.036,41,98,0.99,3.19,0.43,11.9,7,White
6.9,0.16,0.35,1.3,0.043,21,182,0.9927,3.25,0.62,10.8,6,White
7.5,0.58,0.14,2.2,0.077,27,60,0.9963,3.28,0.59,9.8,5,Red
6.9,0.23,0.4,7.5,0.04,50,151,0.9927,3.11,0.27,11.4,6,White
6.3,0.24,0.55,8.1,0.04,67,216,0.99596,3.24,0.5,9.2,5,White
7.4,0.58,0,2,0.064,7,11,0.99562,3.45,0.58,11.3,6,Red
6.6,0.21,0.49,18.15,0.042,41,158,0.9997,3.28,0.39,8.7,6,White
6.9,0.28,0.3,1.6,0.047,46,132,0.9918,3.35,0.38,11.1,7,White
7.1,0.6,0.01,2.3,0.079,24,37,0.99514,3.4,0.61,10.9,6,Red
7.2,0.34,0.44,4.2,0.047,51,144,0.991,3.01,0.76,12.3,6,White
6.3,0.24,0.74,1.4,0.172,24,108,0.9932,3.27,0.39,9.9,6,White
5.6,0.21,0.4,1.3,0.041,81,147,0.9901,3.22,0.95,11.6,8,White
7.6,0.46,0.11,2.6,0.079,12,49,0.9968,3.21,0.57,10,5,Red
7.7,1.005,0.15,2.1,0.102,11,32,0.99604,3.23,0.48,10,5,Red
6.5,0.24,0.32,7.6,0.038,48,203,0.9958,3.45,0.54,9.7,7,White
8.6,0.31,0.3,0.9,0.045,16,109,0.99249,2.95,0.39,10.1,5,White
6.6,0.24,0.27,10.3,0.047,54,219,0.99742,3.04,0.45,8.8,5,White
6.3,0.51,0.13,2.3,0.076,29,40,0.99574,3.42,0.75,11,6,Red
7.5,0.57,0.08,2.6,0.089,14,27,0.99592,3.3,0.59,10.4,6,Red
6.5,0.18,0.31,1.7,0.044,30,127,0.9928,3.49,0.5,10.2,7,White
7.2,0.27,0.31,1.2,0.031,27,80,0.98892,3.03,0.33,12.7,6,White
7,0.14,0.49,5.9,0.053,22,118,0.9954,3.36,0.36,9.4,6,White
6.6,0.24,0.27,15.8,0.035,46,188,0.9982,3.24,0.51,9.2,5,White
6.6,0.17,0.35,2.6,0.03,33,78,0.99146,3.22,0.72,11.3,6,White
7.4,0.24,0.4,4.3,0.032,9,95,0.992,3.09,0.39,11.1,6,White
7.8,0.55,0,1.7,0.07,7,17,0.99659,3.26,0.64,9.4,6,Red
10.6,0.31,0.49,2.2,0.063,18,40,0.9976,3.14,0.51,9.8,6,Red
7.5,0.14,0.34,1.3,0.055,50,153,0.9945,3.29,0.8,9.6,6,White
7.9,0.345,0.51,15.3,0.047,54,171,0.9987,3.09,0.51,9.1,5,White
7.9,0.29,0.31,7.35,0.034,37,154,0.9938,3.06,0.31,10.8,5,White
6.8,0.17,0.34,2,0.04,38,111,0.99,3.24,0.45,12.9,6,White
7.1,0.34,0.2,6.1,0.063,47,164,0.9946,3.17,0.42,10,5,White
6.3,0.37,0.37,1.5,0.024,12,76,0.98876,2.94,0.39,12.3,6,White
7.1,0.34,0.15,1.2,0.053,61,183,0.9936,3.09,0.43,9.2,5,White
7.6,0.42,0.25,3.9,0.104,28,90,0.99784,3.15,0.57,9.1,5,Red
7.4,0.25,0.37,13.5,0.06,52,192,0.9975,3,0.44,9.1,5,White
6.9,0.31,0.32,1.6,0.036,34,114,0.99068,3.19,0.45,11.4,7,White
7.7,0.54,0.26,1.9,0.089,23,147,0.99636,3.26,0.59,9.7,5,Red
7.4,0.635,0.1,2.4,0.08,16,33,0.99736,3.58,0.69,10.8,7,Red
7,0.2,0.3,6.1,0.037,31,120,0.9939,3.24,0.51,10.8,5,White
5,0.29,0.54,5.7,0.035,54,155,0.98976,3.27,0.34,12.9,8,White
7.2,0.32,0.4,8.7,0.038,45,154,0.99568,3.2,0.47,10.4,6,White
7.5,0.17,0.44,11.3,0.046,65,146,0.997,3.17,0.45,10,6,White
7.3,0.17,0.24,8.1,0.121,32,162,0.99508,3.17,0.38,10.4,8,White
8.1,0.24,0.33,10.2,0.048,46,141,0.9972,3.16,0.48,10.3,6,White
6.4,0.24,0.29,1,0.038,18,122,0.9906,3.3,0.42,11.5,5,White
6.6,0.17,0.3,1.1,0.031,13,73,0.99095,3.17,0.58,11,6,White
6.6,0.32,0.27,10.9,0.041,37,146,0.9963,3.24,0.47,10,5,White
5.6,0.23,0.25,8,0.043,31,101,0.99429,3.19,0.42,10.4,6,White
9.5,0.59,0.44,2.3,0.071,21,68,0.9992,3.46,0.63,9.5,5,Red
5.7,0.21,0.25,1.1,0.035,26,81,0.9902,3.31,0.52,11.4,6,White
7.4,0.27,0.28,1.8,0.04,45,121,0.99043,3.02,0.4,11.9,5,White
7.6,0.285,0.32,14.6,0.063,32,201,0.998,3,0.45,9.2,5,White
6.6,0.28,0.42,8.2,0.044,60,196,0.99562,3.14,0.48,9.4,5,White
7.2,0.23,0.19,13.7,0.052,47,197,0.99865,3.12,0.53,9,5,White
5.9,0.29,0.25,12,0.057,48,224,0.9981,3.23,0.41,9,6,White
8.7,0.3,0.34,4.8,0.018,23,127,0.99474,3.12,0.49,11.2,7,White
10,0.41,0.45,6.2,0.071,6,14,0.99702,3.21,0.49,11.8,7,Red
7.9,0.72,0.01,1.9,0.076,7,32,0.99668,3.39,0.54,9.6,5,Red
5.1,0.33,0.22,1.6,0.027,18,89,0.9893,3.51,0.38,12.5,7,White
7.1,0.42,0.2,2.8,0.038,28,109,0.98968,3.23,0.47,13.4,6,White
6.5,0.48,0.02,0.9,0.043,32,99,0.99226,3.14,0.47,9.8,4,White
6.15,0.21,0.37,3.2,0.021,20,80,0.99076,3.39,0.47,12,5,White
6.4,0.28,0.28,3,0.04,19,98,0.99216,3.25,0.47,11.1,6,White
9.9,0.74,0.19,5.8,0.111,33,76,0.99878,3.14,0.55,9.4,5,Red
6.3,0.27,0.37,7.9,0.047,58,215,0.99542,3.19,0.48,9.5,6,White
6.8,0.39,0.35,11.6,0.044,57,220,0.99775,3.07,0.53,9.3,5,White
6.4,0.29,0.2,15.6,0.04,20,142,0.9962,3.1,0.54,10.6,5,White
6,0.25,0.4,5.7,0.052,56,152,0.99398,3.16,0.88,10.5,6,White
7.1,0.21,0.37,2.4,0.026,23,100,0.9903,3.15,0.38,11.4,7,White
5.7,0.1,0.27,1.3,0.047,21,100,0.9928,3.27,0.46,9.5,5,White
7.6,0.43,0.31,2.1,0.069,13,74,0.9958,3.26,0.54,9.9,6,Red
7.5,0.23,0.32,9.2,0.038,54,191,0.9966,3.04,0.56,9.7,6,White
6.8,0.22,0.31,1.4,0.053,34,114,0.9929,3.39,0.77,10.6,6,White
6.5,0.26,0.34,1.4,0.04,25,184,0.99216,3.29,0.46,10.7,5,White
7.3,0.23,0.34,9.3,0.052,19,86,0.99574,3.04,0.56,10,5,White
7.1,0.36,0.28,2.4,0.036,35,115,0.98936,3.19,0.44,13.5,7,White
7.3,0.41,0.24,6.8,0.057,41,163,0.9949,3.2,0.41,9.9,6,White
7.7,0.715,0.01,2.1,0.064,31,43,0.99371,3.41,0.57,11.8,6,Red
7.5,0.52,0.11,1.5,0.079,11,39,0.9968,3.42,0.58,9.6,5,Red
6.5,0.37,0.3,2.2,0.033,39,107,0.98894,3.22,0.53,13.5,7,White
10.4,0.61,0.49,2.1,0.2,5,16,0.9994,3.16,0.63,8.4,3,Red
6.8,0.18,0.37,1.5,0.027,37,93,0.992,3.3,0.45,10.8,6,White
5.8,0.29,0.26,1.7,0.063,3,11,0.9915,3.39,0.54,13.5,6,Red
7.2,0.24,0.28,1.9,0.032,30,92,0.9914,3.1,0.39,10.9,6,White
8.1,0.825,0.24,2.1,0.084,5,13,0.9972,3.37,0.77,10.7,6,Red
7.4,1.185,0,4.25,0.097,5,14,0.9966,3.63,0.54,10.7,3,Red
10.8,0.4,0.41,2.2,0.084,7,17,0.9984,3.08,0.67,9.3,6,Red
6.4,0.25,0.32,5.5,0.049,41,176,0.995,3.19,0.68,9.2,6,White
6.4,0.29,0.21,9.65,0.041,36,119,0.99334,2.99,0.34,10.9333333333333,6,White
7,0.17,0.36,6.4,0.055,42,123,0.99318,3.11,0.5,11,8,White
6.3,0.26,0.25,5.2,0.046,11,133,0.99202,2.97,0.68,11,6,White
6.8,0.28,0.4,22,0.048,48,167,1.001,2.93,0.5,8.7,5,White
10.2,0.24,0.49,2.4,0.075,10,28,0.9978,3.14,0.61,10.4,5,Red
10.9,0.39,0.47,1.8,0.118,6,14,0.9982,3.3,0.75,9.8,6,Red
4.9,0.33,0.31,1.2,0.016,39,150,0.98713,3.33,0.59,14,8,White
7.9,0.17,0.32,1.6,0.053,47,150,0.9948,3.29,0.76,9.6,6,White
8,0.42,0.32,2.5,0.08,26,122,0.99801,3.22,1.07,9.7,5,Red
7.8,0.545,0.12,2.5,0.068,11,35,0.996,3.34,0.61,11.6,6,Red
6.7,0.42,0.39,12.1,0.04,61,248,0.99794,3.31,0.58,9.7,5,White
6.8,0.23,0.39,16.1,0.053,71,194,0.9988,3.18,0.64,10.2,6,White
7,0.15,0.29,16.4,0.058,45,110,0.9978,3.15,0.37,9.7,6,White
11.6,0.41,0.54,1.5,0.095,22,41,0.99735,3.02,0.76,9.9,7,Red
7.1,0.34,0.49,1.5,0.027,26,126,0.99,3.3,0.33,12.2,7,White
7.2,0.23,0.39,14.2,0.058,49,192,0.9979,2.98,0.48,9,7,White
5.9,0.2,0.28,1,0.043,45,100,0.99033,3.4,0.41,11.4,6,White
6.8,0.32,0.34,6,0.05,5,129,0.9953,3.19,0.4,9.1,5,White
7.6,0.3,0.22,10.2,0.049,57,191,0.9966,3.08,0.4,9.3,6,White
6.2,0.2,0.28,1.1,0.039,24,78,0.9899,3.36,0.47,12.1,6,White
7,0.21,0.34,8.5,0.033,31,253,0.9953,3.22,0.56,10.5,6,White
15.6,0.685,0.76,3.7,0.1,6,43,1.0032,2.95,0.68,11.2,7,Red
6.1,0.28,0.35,12.8,0.048,63,229,0.9975,3.08,0.4,8.9,5,White
5.1,0.29,0.28,8.3,0.026,27,107,0.99308,3.36,0.37,11,6,White
5.8,0.36,0.38,0.9,0.037,3,75,0.9904,3.28,0.34,11.4,4,White
7.6,0.68,0.02,1.3,0.072,9,20,0.9965,3.17,1.08,9.2,4,Red
7,0.17,0.37,1.5,0.028,26,75,0.9922,3.3,0.46,10.8,7,White
6.5,0.23,0.39,1.9,0.036,41,98,0.99,3.19,0.43,11.9,7,White
6.9,0.54,0.04,3,0.077,7,27,0.9987,3.69,0.91,9.4,6,Red
8.3,0.26,0.41,9.2,0.042,41,162,0.9944,3.1,0.38,12,7,White
8.2,0.64,0.27,2,0.095,5,77,0.99747,3.13,0.62,9.1,6,Red
7.1,0.715,0,2.35,0.071,21,47,0.99632,3.29,0.45,9.4,5,Red
6.5,0.24,0.38,1,0.027,31,90,0.98926,3.24,0.36,12.3,6,White
6.4,0.5,0.2,2.4,0.059,19,112,0.99314,3.18,0.4,9.2,6,White
7,0.11,0.32,4.6,0.057,59,144,0.9956,3.55,0.44,9.4,7,White
7,0.3,0.28,2.2,0.042,21,177,0.99166,3.2,0.57,11.4,5,White
5.8,0.3,0.33,3.5,0.033,25,116,0.99057,3.2,0.44,11.7,6,White
6.8,0.26,0.56,11.9,0.043,64,226,0.997,3.02,0.63,9.3,5,White
6.7,0.14,0.51,4.3,0.028,57,124,0.99176,2.91,0.54,10.7,7,White
8,0.64,0.22,2.4,0.094,5,33,0.99612,3.37,0.58,11,5,Red
6.9,0.19,0.35,1.7,0.036,33,101,0.99315,3.21,0.54,10.8,7,White
6.4,0.15,0.44,1.2,0.043,67,150,0.9907,3.14,0.73,11.2,7,White
8,0.83,0.27,2,0.08,11,63,0.99652,3.29,0.48,9.8,4,Red
6.4,0.36,0.21,2.2,0.047,26,48,0.99661,3.47,0.77,9.7,6,Red
6.4,0.3,0.38,7.8,0.046,35,192,0.9955,3.1,0.37,9,5,White
8.5,0.19,0.48,1.1,0.026,23,58,0.99184,2.9,0.5,10.5,6,White
6,0.31,0.27,2.3,0.042,19,120,0.98952,3.32,0.41,12.7,7,White
7.9,0.42,0.49,8.2,0.056,32,164,0.9965,3.29,0.6,11.2,7,White
7.6,0.38,0.28,4.2,0.029,7,112,0.9906,3,0.41,12.6,6,White
7.9,0.58,0.23,2.3,0.076,23,94,0.99686,3.21,0.58,9.5,6,Red
11.9,0.4,0.65,2.15,0.068,7,27,0.9988,3.06,0.68,11.3,6,Red
6,0.19,0.26,1.4,0.039,30,104,0.98998,3.32,0.41,12.4,6,White
7.3,0.34,0.22,1.4,0.044,43,176,0.99286,3.14,0.46,9.9,5,White
7.2,0.2,0.31,10,0.054,49,165,0.997,3.4,0.42,9.9,6,White
8,0.71,0,2.6,0.08,11,34,0.9976,3.44,0.53,9.5,5,Red
6.6,0.26,0.31,4.8,0.138,41,168,0.9951,3.2,0.38,9.3,5,White
6.1,0.17,0.27,1.5,0.056,45,135,0.9924,3.2,0.43,10.2,6,White
7.3,0.26,0.36,5.2,0.04,31,141,0.9931,3.16,0.59,11,6,White
8.5,0.2,0.4,1.1,0.046,31,106,0.99194,3,0.35,10.5,4,White
6.9,0.29,0.3,8.2,0.026,35,112,0.99144,3,0.37,12.3,6,White
8.7,0.31,0.21,5.6,0.039,28,67,0.99328,2.96,0.52,11,4,White
9.1,0.28,0.48,1.8,0.067,26,46,0.9967,3.32,1.04,10.6,6,Red
6.7,0.23,0.33,1.8,0.036,23,96,0.9925,3.32,0.4,10.8,6,White
6.8,0.19,0.71,17.5,0.042,21,114,0.99784,2.85,0.5,9.5,6,White
8.1,0.25,0.38,3.8,0.051,18,129,0.9928,3.21,0.38,11.5,6,White
6,0.39,0.17,12,0.046,65,246,0.9976,3.15,0.38,9,6,White
7.6,0.43,0.4,2.7,0.082,6,11,0.99538,3.44,0.54,12.2,6,Red
8,0.74,0.21,4,0.05,24,133,0.99418,3.06,0.38,9.7,5,White
7.8,0.25,0.41,3.7,0.042,37,149,0.9954,3.36,0.45,10,6,White
7.5,0.23,0.68,11,0.047,37,133,0.9978,2.99,0.38,8.8,5,White
9.8,0.34,0.39,1.4,0.066,3,7,0.9947,3.19,0.55,11.4,7,Red
6.4,0.29,0.18,15,0.04,21,116,0.99736,3.14,0.5,9.2,5,White
6.9,0.28,0.37,9.1,0.037,16,76,0.9948,3.05,0.54,11.1,5,White
7.3,0.39,0.37,1.1,0.043,36,113,0.991,3.39,0.48,12.7,8,White
6.6,0.39,0.38,9.7,0.053,49,226,0.99787,3.3,0.57,9.4,6,White
6.5,0.28,0.38,7.8,0.031,54,216,0.99154,3.03,0.42,13.1,6,White
7.6,0.22,0.34,9.7,0.035,26,143,0.9965,3.08,0.49,9.8,6,White
5.8,0.315,0.19,19.4,0.031,28,106,0.99704,2.97,0.4,10.55,6,White
10.7,0.43,0.39,2.2,0.106,8,32,0.9986,2.89,0.5,9.6,5,Red
9.6,0.56,0.23,3.4,0.102,37,92,0.9996,3.3,0.65,10.1,5,Red
6.1,0.17,0.28,2.5,0.028,22,98,0.99072,3.16,0.37,11.1,7,White
8.4,0.19,0.43,2.1,0.052,20,104,0.994,2.85,0.46,9.5,5,White
5.5,0.15,0.32,14,0.031,16,99,0.99437,3.26,0.38,11.5,8,White
8.3,0.65,0.1,2.9,0.089,17,40,0.99803,3.29,0.55,9.5,5,Red
6.9,0.14,0.29,9.9,0.056,30,91,0.99512,3.19,0.33,9.9,6,White
6.3,0.2,0.26,1.6,0.027,36,141,0.99268,3.53,0.56,10.8,6,White
6.4,0.34,0.2,14.9,0.06,37,162,0.9983,3.13,0.45,9,4,White
8.6,0.52,0.38,1.5,0.096,5,18,0.99666,3.2,0.52,9.4,5,Red
6.9,0.29,0.16,6.8,0.034,65,212,0.9955,3.08,0.39,9,6,White
6.6,0.13,0.29,13.9,0.056,33,95,0.99702,3.17,0.39,9.4,6,White
6.2,0.17,0.3,1.1,0.037,14,79,0.993,3.5,0.54,10.3,6,White
10.6,0.36,0.59,2.2,0.152,6,18,0.9986,3.04,1.05,9.4,5,Red
7.9,0.25,0.34,11.4,0.04,53,202,0.99708,3.11,0.57,9.6,6,White
6.1,0.4,0.16,1.8,0.069,11,25,0.9955,3.42,0.74,10.1,7,Red
7.3,0.2,0.39,2.3,0.048,24,87,0.99044,2.94,0.35,12,6,White
6.7,0.11,0.34,8.8,0.043,41,113,0.9962,3.42,0.4,9.3,7,White
9.6,0.29,0.46,1.45,0.039,77.5,223,0.9944,2.92,0.46,9.5,6,White
9.2,0.34,0.54,17.3,0.06,46,235,1.00182,3.08,0.61,8.8,6,White
5.6,0.2,0.22,1.3,0.049,25,155,0.99296,3.74,0.43,10,5,White
6,0.17,0.29,9.7,0.044,33,98,0.99536,3.12,0.36,9.2,6,White
5.6,0.615,0,1.6,0.089,16,59,0.9943,3.58,0.52,9.9,5,Red
6.9,0.26,0.31,7,0.039,37,175,0.99376,3.32,0.49,11.4,6,White
8.7,0.22,0.42,2.3,0.053,27,114,0.994,2.99,0.43,10,5,White
9,0.43,0.34,2.5,0.08,26,86,0.9987,3.38,0.62,9.5,6,Red
7.6,0.39,0.32,3.6,0.035,22,93,0.99144,3.08,0.6,12.5,7,White
7.4,0.965,0,2.2,0.088,16,32,0.99756,3.58,0.67,10.2,5,Red
6.1,0.32,0.25,2.3,0.071,23,58,0.99633,3.42,0.97,10.6,5,Red
6.4,0.28,0.44,7.1,0.048,49,179,0.99528,3.15,0.48,9.2,5,White
8.5,0.25,0.31,2.8,0.032,11,61,0.99189,3.06,0.44,11.5,6,White
5.9,0.26,0.21,12.5,0.034,36,152,0.9972,3.28,0.43,9.5,6,White
7.3,0.32,0.35,1.4,0.05,8,163,0.99244,3.24,0.42,10.7,5,White
8.9,0.13,0.49,1,0.028,6,24,0.9926,2.91,0.32,9.9,5,White
10,0.32,0.59,2.2,0.077,3,15,0.9994,3.2,0.78,9.6,5,Red
6.7,0.22,0.39,10.2,0.038,60,149,0.99725,3.17,0.54,10,7,White
7.2,0.6,0.04,2.5,0.076,18,88,0.99745,3.53,0.55,9.5,5,Red
8.2,0.2,0.43,2.5,0.076,31,51,0.99672,3.53,0.81,10.4,6,Red
6,0.28,0.29,19.3,0.051,36,174,0.99911,3.14,0.5,9,5,White
6.8,0.15,0.41,12.9,0.044,79.5,183,0.99742,3.24,0.78,10.2,6,White
5.6,0.54,0.04,1.7,0.049,5,13,0.9942,3.72,0.58,11.4,5,Red
8.8,0.64,0.17,2.9,0.084,25,130,0.99818,3.23,0.54,9.6,5,Red
7.3,0.3,0.74,13.5,0.039,46,165,0.9982,3.02,0.4,8.7,5,White
7.3,0.19,0.24,6.3,0.054,34,231,0.9964,3.36,0.54,10,6,White
7,0.44,0.24,12.1,0.056,68,210,0.99718,3.05,0.5,9.5,5,White
5.9,0.645,0.12,2,0.075,32,44,0.99547,3.57,0.71,10.2,5,Red
7.2,0.36,0.46,2.1,0.074,24,44,0.99534,3.4,0.85,11,7,Red
7.3,0.25,0.36,2.1,0.034,30,177,0.99085,3.25,0.4,11.9,8,White
8.3,0.61,0.3,2.1,0.084,11,50,0.9972,3.4,0.61,10.2,6,Red
5.8,0.3,0.23,1.5,0.034,37,121,0.98871,2.96,0.34,12.1,6,White
7,0.47,0.07,1.1,0.035,17,151,0.991,3.02,0.34,10.5,5,White
6.8,0.64,0,2.7,0.123,15,33,0.99538,3.44,0.63,11.3,6,Red
5.7,0.32,0.5,2.6,0.049,17,155,0.9927,3.22,0.64,10,6,White
6.1,0.16,0.37,1.1,0.031,37,97,0.9922,3.4,0.58,10.5,6,White
7,0.28,0.33,14.6,0.043,47,168,0.9994,3.34,0.67,8.8,6,White
7.1,0.36,0.2,1.6,0.271,24,140,0.99356,3.11,0.63,9.8,5,White
6.1,0.23,0.45,10.6,0.094,49,169,0.99699,3.05,0.54,8.8,5,White
6.7,0.27,0.26,2.3,0.043,61,181,0.99394,3.45,0.63,10.6,6,White
11.5,0.59,0.59,2.6,0.087,13,49,0.9988,3.18,0.65,11,6,Red
6.8,0.32,0.3,3.3,0.029,15,80,0.99061,3.33,0.63,12.6,7,White
5.2,0.37,0.33,1.2,0.028,13,81,0.9902,3.37,0.38,11.7,6,White
6.9,0.615,0.42,12,0.067,24,131,0.99727,3.19,0.34,9.3,5,White
7.1,0.49,0.22,2,0.047,146.5,307.5,0.9924,3.24,0.37,11,3,White
6.7,0.13,0.28,1.2,0.046,35,140,0.9927,3.33,0.33,10.1,7,White
5.9,0.29,0.16,7.9,0.044,48,197,0.99512,3.21,0.36,9.4,5,White
6,0.34,0.32,3.8,0.044,13,116,0.99108,3.39,0.44,11.8,7,White
6.8,0.27,0.32,1.5,0.044,19,142,0.9921,3.1,0.43,9.9,6,White
6.7,0.66,0,13,0.033,32,75,0.99551,3.15,0.5,10.7,6,White
5.8,0.2,0.27,1.4,0.031,12,77,0.9905,3.25,0.36,10.9,7,White
6.9,0.23,0.34,4,0.047,24,128,0.9944,3.2,0.52,9.7,6,White
7.6,0.27,0.3,9.2,0.018,23,96,0.9938,3.08,0.29,11,6,White
7.3,0.17,0.36,8.2,0.028,44,111,0.99272,3.14,0.41,12.4,6,White
7.6,0.2,0.3,14.2,0.056,53,212.5,0.999,3.14,0.46,8.9,8,White
6.4,0.27,0.32,4.5,0.24,61,174,0.9948,3.12,0.48,9.4,5,White
6.7,0.28,0.31,7.4,0.041,7,81,0.99254,3.04,0.47,11.4,8,White
7.1,0.23,0.23,3.5,0.038,23,112,0.99157,3.05,0.37,11.3666666666667,6,White
6,0.3,0.44,1.5,0.046,15,182,0.99455,3.5,0.52,10.4,5,White
6.9,0.46,0.2,0.9,0.054,5,126,0.992,3.1,0.42,10.4,6,White
8.2,0.28,0.4,2.4,0.052,4,10,0.99356,3.33,0.7,12.8,7,Red
6.8,0.26,0.26,2,0.019,23.5,72,0.99041,3.16,0.47,11.8,6,White
8.2,0.27,0.43,1.6,0.035,31,128,0.9916,3.1,0.5,12.3,6,White
7.4,0.21,0.8,12.3,0.038,77,183,0.99778,2.95,0.48,9,5,White
7.1,0.24,0.34,1.2,0.045,6,132,0.99132,3.16,0.46,11.2,4,White
6.7,0.46,0.21,4,0.034,12,88,0.99016,3.26,0.54,13,6,White
9.1,0.765,0.04,1.6,0.078,4,14,0.998,3.29,0.54,9.7,4,Red
7.2,0.22,0.49,1,0.045,34,140,0.99,3.05,0.34,12.7,6,White
6.6,0.27,0.33,1.4,0.042,24,183,0.99215,3.29,0.46,10.7,5,White
8.7,0.23,0.32,13.4,0.044,35,169,0.99975,3.12,0.47,8.8,7,White
8,0.24,0.36,1.5,0.047,17,129,0.9948,3.2,0.54,10,6,White
6,0.26,0.5,2.2,0.048,59,153,0.9928,3.08,0.61,9.8,5,White
9.4,0.27,0.53,2.4,0.074,6,18,0.9962,3.2,1.13,12,7,Red
7.1,0.4,0.52,1.3,0.148,45,149,0.99468,3.08,0.56,8.7,5,White
6.3,0.27,0.46,11.1,0.053,44,177,0.99691,3.18,0.67,9.4,5,White
7.5,0.32,0.24,4.6,0.053,8,134,0.9958,3.14,0.5,9.1,3,White
7.7,0.44,0.24,11.2,0.031,41,167,0.9948,3.12,0.43,11.3,7,White
7.7,0.27,0.49,1.8,0.041,23,86,0.9914,3.16,0.42,12.5,6,White
5.3,0.47,0.11,2.2,0.048,16,89,0.99182,3.54,0.88,13.6,7,Red
7.2,0.15,0.39,1.8,0.043,21,159,0.9948,3.52,0.47,10,5,White
6.9,0.29,0.25,12.2,0.04,29,136,0.99552,3.05,0.65,10.4,6,White
6.6,0.26,0.56,15.4,0.053,32,141,0.9981,3.11,0.49,9.3,5,White
5.8,0.3,0.38,4.9,0.039,22,86,0.98963,3.23,0.58,13.1,7,White
6.1,0.25,0.3,1.2,0.036,42,107,0.991,3.34,0.56,10.8,7,White
6.1,0.6,0.12,1.8,0.05,11,76,0.99268,3.42,0.48,10.4,4,White
9.4,0.16,0.23,1.6,0.042,14,67,0.9942,3.07,0.32,9.5,5,White
7.1,0.23,0.24,5.4,0.039,60,196,0.9948,3.19,0.78,10,4,White
5,0.27,0.32,4.5,0.032,58,178,0.98956,3.45,0.31,12.6,7,White
6.4,0.22,0.38,9.1,0.044,35,127,0.99326,2.97,0.3,11,7,White
6.1,0.32,0.33,10.7,0.036,27,98,0.99521,3.34,0.52,10.2,6,White
6.4,0.34,0.23,6.3,0.039,37,143,0.9944,3.19,0.65,10,6,White
6.1,0.21,0.3,6.3,0.039,47,136,0.99068,3.27,0.31,12.7,6,White
6.9,0.28,0.4,8.2,0.036,15,95,0.9944,3.17,0.33,10.2,5,White
6.5,0.25,0.2,1.4,0.024,29,101,0.9916,3.24,0.54,10.8,6,White
6.9,0.28,0.24,2.1,0.034,49,121,0.98882,2.98,0.43,13.2,7,White
6.2,0.24,0.35,1.2,0.038,22,167,0.9912,3.1,0.48,10.6,6,White
7.2,0.3,0.3,8.1,0.05,40,188,0.99652,3.15,0.49,9.1,6,White
10,0.43,0.33,2.7,0.095,28,89,0.9984,3.22,0.68,10,5,Red
5.5,0.19,0.27,0.9,0.04,52,103,0.99026,3.5,0.39,11.2,5,White
5.9,0.23,0.3,12.9,0.054,57,170,0.9972,3.28,0.39,9.4,5,White
6.4,0.14,0.28,7.9,0.057,21,82,0.99425,3.26,0.36,10,6,White
4.9,0.345,0.34,1,0.068,32,143,0.99138,3.24,0.4,10.1,5,White
8.9,0.34,0.34,1.6,0.056,13,176,0.9946,3.14,0.47,9.7,5,White
8.2,0.37,0.27,1.7,0.028,10,59,0.9923,2.97,0.48,10.4,5,White
6.4,0.37,0.49,13.3,0.045,53,243,0.9982,3.14,0.48,8.5,6,White
6.9,0.19,0.31,19.25,0.043,38,167,0.99954,2.93,0.52,9.1,7,White
8.4,0.37,0.43,2.3,0.063,12,19,0.9955,3.17,0.81,11.2,7,Red
6.7,0.18,0.3,6.4,0.048,40,251,0.9956,3.29,0.52,10,5,White
5.3,0.2,0.31,3.6,0.036,22,91,0.99278,3.41,0.5,9.8,6,White
9.2,0.32,0.42,1.3,0.046,14,186,0.9949,3.08,0.48,9.6,5,White
7.4,0.19,0.49,9.3,0.03,26,132,0.994,2.99,0.32,11,7,White
7.3,0.26,0.53,12.7,0.047,60.5,164.5,0.9984,3.06,0.45,9.1,6,White
5.8,0.17,0.34,1.8,0.045,96,170,0.99035,3.38,0.9,11.8,8,White
6.4,0.32,0.31,1.9,0.037,34,126,0.99,3.06,0.45,11.8,6,White
9.1,0.68,0.11,2.8,0.093,11,44,0.99888,3.31,0.55,9.5,6,Red
7.5,0.19,0.49,1.6,0.047,42,140,0.9932,3.4,0.47,10.7,6,White
7,0.25,0.33,2.1,0.021,17,76,0.99021,3.26,0.45,12.3,6,White
6.8,0.21,0.36,18.1,0.046,32,133,1,3.27,0.48,8.8,5,White
6.4,0.41,0.01,6.1,0.048,20,70,0.99362,3.19,0.42,10,5,White
6.1,0.34,0.31,12,0.053,46,238,0.9977,3.16,0.48,8.6,5,White
8.8,0.23,0.35,10.7,0.04,26,183,0.9984,2.93,0.49,9.1,6,White
6.2,0.29,0.32,3.6,0.026,39,138,0.9892,3.31,0.37,13.1,7,White
6.5,0.39,0.23,8.3,0.051,28,91,0.9952,3.44,0.55,12.1,6,Red
7.6,0.67,0.14,1.5,0.074,25,168,0.9937,3.05,0.51,9.3,5,White
6.7,0.61,0.21,1.65,0.117,40,240,0.9938,3.11,0.57,9.3,5,White
6.4,0.31,0.39,7.5,0.04,57,213,0.99475,3.32,0.43,10,5,White
5.8,0.15,0.28,0.8,0.037,43,127,0.99198,3.24,0.51,9.3,5,White
6.1,0.26,0.28,1.7,0.043,24,98,0.98918,3.14,0.44,12.5,6,White
5.1,0.35,0.26,6.8,0.034,36,120,0.99188,3.38,0.4,11.5,6,White
6,0.28,0.29,19.3,0.051,36,174,0.99911,3.14,0.5,9,5,White
10,0.49,0.2,11,0.071,13,50,1.0015,3.16,0.69,9.2,6,Red
6.5,0.44,0.47,5.45,0.014,44,137,0.98984,3.13,0.32,13,8,White
5.6,0.2,0.36,2.5,0.048,16,125,0.99282,3.49,0.49,10,6,White
5.9,0.4,0.32,6,0.034,50,127,0.992,3.51,0.58,12.5,7,White
7.8,0.55,0.35,2.2,0.074,21,66,0.9974,3.25,0.56,9.2,5,Red
7.3,0.24,0.39,17.95,0.057,45,149,0.9999,3.21,0.36,8.6,5,White
7.6,0.25,0.34,1.3,0.056,34,176,0.99434,3.1,0.51,9.5,5,White
6.9,0.26,0.49,1.6,0.058,39,166,0.9965,3.65,0.52,9.4,4,White
5.7,0.33,0.32,1.4,0.043,28,93,0.9897,3.31,0.5,12.3,6,White
6.6,0.26,0.52,8.2,0.047,52,191,0.99541,3.16,0.47,9.5,6,White
8.2,0.26,0.33,2.6,0.053,11,71,0.99402,2.89,0.49,9.5,5,White
7,0.29,0.54,10.7,0.046,59,234,0.9966,3.05,0.61,9.5,5,White
6.3,0.2,0.58,1.4,0.204,15,97,0.9931,3.16,0.43,10,6,White
7.5,0.38,0.33,9.2,0.043,19,116,0.99444,3.08,0.42,11.4,6,White
7.4,0.33,0.26,15.6,0.049,67,210,0.99907,3.06,0.68,9.5,5,White
6,0.3,0.33,2.1,0.042,31,127,0.98964,3.32,0.42,12.5,6,White
6.1,0.28,0.25,6.9,0.056,44,201,0.9955,3.19,0.4,9.1,6,White
7.2,0.32,0.3,8.25,0.02,14,104,0.99362,2.99,0.44,11.4,6,White
7.6,0.32,0.35,1.6,0.092,24,138,0.99438,3.19,0.44,9.8,5,White
6.9,0.54,0.04,3,0.077,7,27,0.9987,3.69,0.91,9.4,6,Red
6.9,0.24,0.4,15.4,0.052,81,198,0.9986,3.2,0.69,9.4,5,White
6.7,0.18,0.37,1.3,0.027,42,125,0.98939,3.24,0.37,12.8,7,White
6.9,0.45,0.27,4.7,0.035,17,80,0.99058,3.12,0.36,12.5,7,White
6.1,0.14,0.25,1.3,0.047,37,173,0.9925,3.35,0.46,10,6,White
6.6,0.38,0.29,2.4,0.136,15,93,0.99336,3.18,0.6,9.5,5,White
9.2,0.27,0.34,10.5,0.043,49,228,0.9974,3.04,0.41,10.4,6,White
7.2,0.695,0.13,2,0.076,12,20,0.99546,3.29,0.54,10.1,5,Red
8.1,0.2,0.28,0.9,0.023,49,87,0.99062,2.92,0.36,11.1,6,White
8,0.26,0.28,8.2,0.038,72,202,0.99566,3.12,0.56,10,6,White
6.4,0.43,0.32,1.4,0.048,10,67,0.992,3.08,0.41,11.4,5,White
6.5,0.26,0.43,8.9,0.083,50,171,0.9965,2.85,0.5,9,5,White
8.2,0.7,0.23,2,0.099,14,81,0.9973,3.19,0.7,9.4,5,Red
7.4,0.39,0.48,2,0.082,14,67,0.9972,3.34,0.55,9.2,5,Red
6.3,0.3,0.48,1.8,0.069,18,61,0.9959,3.44,0.78,10.3,6,Red
6.8,0.28,0.36,1.6,0.04,25,87,0.9924,3.23,0.66,10.3,6,White
5.7,0.21,0.32,0.9,0.038,38,121,0.99074,3.24,0.46,10.6,6,White
5.8,0.18,0.28,1.3,0.034,9,94,0.99092,3.21,0.52,11.2,6,White
14.2,0.27,0.49,1.1,0.037,33,156,0.992,3.15,0.54,11.1,6,White
6.8,0.18,0.3,12.8,0.062,19,171,0.99808,3,0.52,9,7,White
6.45,0.14,0.42,1.2,0.05,51,129,0.99116,3.27,0.69,11.1,7,White
7,0.16,0.26,7.3,0.047,30,220,0.99622,3.38,0.58,10.1,6,White
7.3,0.25,0.26,7.2,0.048,52,207,0.99587,3.12,0.37,9.2,5,White
6.4,0.25,0.32,11.3,0.038,69,192,0.99573,3.14,0.5,10.2,6,White
7.8,0.15,0.24,7.7,0.047,21,98,0.9951,2.94,0.31,9.6,6,White
6.7,0.26,0.3,1.8,0.043,25,121,0.9944,3.44,0.61,10.2,6,White
7.2,0.32,0.33,1.4,0.029,29,109,0.9902,3.15,0.51,12.8,7,White
5.7,0.135,0.3,4.6,0.042,19,101,0.9946,3.31,0.42,9.3,6,White
8.3,0.33,0.42,1.15,0.033,18,96,0.9911,3.2,0.32,12.4,3,White
7.7,0.44,0.24,11.2,0.031,41,167,0.9948,3.12,0.43,11.3,7,White
6.1,0.26,0.25,2.9,0.047,289,440,0.99314,3.44,0.64,10.5,3,White
7.6,0.42,0.08,2.7,0.084,15,48,0.9968,3.21,0.59,10,5,Red
5.3,0.32,0.12,6.6,0.043,22,141,0.9937,3.36,0.6,10.4,6,White
9.3,0.48,0.29,2.1,0.127,6,16,0.9968,3.22,0.72,11.2,5,Red
5.6,0.24,0.34,2,0.041,14,73,0.98981,3.04,0.45,11.6,7,White
7.9,0.65,0.01,2.5,0.078,17,38,0.9963,3.34,0.74,11.7,7,Red
7.8,0.25,0.37,1,0.043,10,80,0.99128,3.08,0.38,11.4,5,White
7.1,0.25,0.39,2.1,0.036,30,124,0.9908,3.28,0.43,12.2,8,White
6.5,0.35,0.28,12.4,0.051,86,213,0.9962,3.16,0.51,9.9,6,White
5.7,0.15,0.47,11.4,0.035,49,128,0.99456,3.03,0.34,10.5,8,White
6.2,0.28,0.57,1,0.043,50,92,0.99004,3.17,0.36,11.5,6,White
7,0.33,0.28,5.7,0.033,39,204,0.99176,3.17,0.64,12.5,6,White
7,0.31,0.29,1.4,0.037,33,128,0.9896,3.12,0.36,12.2,7,White
10.3,0.41,0.42,2.4,0.213,6,14,0.9994,3.19,0.62,9.5,6,Red
7.1,0.38,0.4,2.2,0.042,54,201,0.99177,3.03,0.5,11.4,5,White
6.1,0.34,0.46,4.7,0.029,21,94,0.991,3.29,0.62,12.3,6,White
7.7,0.64,0.21,2.2,0.077,32,133,0.9956,3.27,0.45,9.9,5,Red
6.7,0.64,0.23,2.1,0.08,11,119,0.99538,3.36,0.7,10.9,5,Red
6.7,0.675,0.07,2.4,0.089,17,82,0.9958,3.35,0.54,10.1,5,Red
6.9,0.18,0.38,8.1,0.049,44,176,0.9958,3.3,0.54,9.8,6,White
6.8,0.26,0.24,7.8,0.052,54,214,0.9961,3.13,0.47,8.9,5,White
7.1,0.6,0,1.8,0.074,16,34,0.9972,3.47,0.7,9.9,6,Red
7.8,0.56,0.19,1.8,0.104,12,47,0.9964,3.19,0.93,9.5,5,Red
8.4,0.745,0.11,1.9,0.09,16,63,0.9965,3.19,0.82,9.6,5,Red
9.3,0.39,0.4,2.6,0.073,10,26,0.9984,3.34,0.75,10.2,6,Red
7.1,0.34,0.32,2,0.051,29,130,0.99354,3.3,0.5,10.4,6,White
6.9,0.16,0.3,9.6,0.057,50,185,0.9978,3.39,0.38,9.6,6,White
15.5,0.645,0.49,4.2,0.095,10,23,1.00315,2.92,0.74,11.1,5,Red
6.2,0.31,0.23,3.3,0.052,34,113,0.99429,3.16,0.48,8.4,5,White
9.9,1.005,0.46,1.4,0.046,34,185,0.9966,3.02,0.49,10.2,4,White
6.6,0.25,0.31,12.4,0.059,52,181,0.9984,3.51,0.47,9.8,6,White
5.9,0.32,0.19,14.5,0.042,37,115,0.99684,3.16,0.43,10.3,5,White
6.7,0.62,0.21,1.9,0.079,8,62,0.997,3.52,0.58,9.3,6,Red
7.8,0.815,0.01,2.6,0.074,48,90,0.99621,3.38,0.62,10.8,5,Red
7.1,0.43,0.42,5.5,0.07,29,129,0.9973,3.42,0.72,10.5,5,Red
7.7,0.43,0.28,4.5,0.046,33,102,0.9918,3.16,0.56,12.2,7,White
11.6,0.58,0.66,2.2,0.074,10,47,1.0008,3.25,0.57,9,3,Red
6.2,0.37,0.3,6.6,0.346,79,200,0.9954,3.29,0.58,9.6,5,White
6.2,0.46,0.29,2.1,0.074,32,98,0.99578,3.33,0.62,9.8,5,Red
7.8,0.39,0.26,9.9,0.059,33,181,0.9955,3.04,0.42,10.9,6,White
6,0.26,0.29,3.1,0.041,37,144,0.98944,3.22,0.39,12.8,7,White
5,0.2,0.4,1.9,0.015,20,98,0.9897,3.37,0.55,12.05,6,White
6.4,0.31,0.4,6.4,0.039,39,191,0.99513,3.14,0.52,9.8,5,White
6.6,0.41,0.27,10.7,0.11,20,103,0.99672,3.08,0.41,9,6,White
5.5,0.21,0.25,1.2,0.04,18,75,0.99006,3.31,0.56,11.3,6,White
7.6,0.28,0.39,1.9,0.052,23,116,0.9941,3.25,0.4,10.4,6,White
5.6,0.19,0.47,4.5,0.03,19,112,0.9922,3.56,0.45,11.2,6,White
7.4,0.19,0.49,9.3,0.03,26,132,0.994,2.99,0.32,11,7,White
6.3,0.27,0.25,5.8,0.038,52,155,0.995,3.28,0.38,9.4,6,White
7.2,0.6,0.2,9.9,0.07,21,174,0.9971,3.03,0.54,9.1,5,White
6.4,0.26,0.42,9.7,0.044,30,140,0.9962,3.18,0.47,9.1,6,White
8.1,0.31,0.24,1.6,0.032,10,67,0.9924,3.08,0.47,10.5,5,White
7.9,0.19,0.45,1.5,0.045,17,96,0.9917,3.13,0.39,11,6,White
7.3,0.22,0.4,14.75,0.042,44.5,129.5,0.9998,3.36,0.41,9.1,7,White
7.8,0.63,0.48,1.7,0.1,14,96,0.9961,3.19,0.62,9.5,5,Red
7.3,0.69,0.32,2.2,0.069,35,104,0.99632,3.33,0.51,9.5,5,Red
6.7,0.24,0.46,2.2,0.033,19,111,0.99045,3.1,0.62,11.9,6,White
7.3,0.22,0.49,9.9,0.031,48,161,0.9937,3.01,0.28,11.2,6,White
7.5,0.26,0.59,11.8,0.046,58,164,0.99814,3.17,0.46,8.9,4,White
7.2,0.5,0.18,2.1,0.071,12,31,0.99761,3.52,0.72,9.6,6,Red
6.8,0.18,0.38,1.4,0.038,35,111,0.9918,3.32,0.59,11.2,7,White
6.2,0.15,0.27,11,0.035,46,116,0.99602,3.12,0.38,9.1,6,White
5.3,0.47,0.1,1.3,0.036,11,74,0.99082,3.48,0.54,11.2,4,White
10.2,0.29,0.49,2.6,0.059,5,13,0.9976,3.05,0.74,10.5,7,Red
7,0.36,0.35,2.5,0.048,67,161,0.99146,3.05,0.56,11.1,6,White
6.4,0.16,0.22,1.4,0.04,41,149,0.9933,3.49,0.58,10,6,White
5.7,0.24,0.47,6.3,0.069,35,182,0.99391,3.11,0.46,9.75,5,White
11.9,0.38,0.51,2,0.121,7,20,0.9996,3.24,0.76,10.4,6,Red
8.2,0.24,0.34,5.1,0.062,8,22,0.9974,3.22,0.94,10.9,6,Red
7.4,0.16,0.49,1.2,0.055,18,150,0.9917,3.23,0.47,11.2,6,White
6.7,0.48,0.49,2.9,0.03,28,122,0.98926,3.13,0.4,13,6,White
7.2,0.57,0.05,2.3,0.081,16,36,0.99564,3.38,0.6,10.3,6,Red
7,0.29,0.37,1.6,0.035,34,126,0.99058,3.26,0.47,12.3,6,White
6.4,0.26,0.35,7.7,0.056,45,191,0.99527,3.16,0.5,9.5,5,White
8.6,0.17,0.28,2.7,0.047,38,150,0.99365,3.1,0.56,10.8,6,White
6,0.34,0.66,15.9,0.046,26,164,0.9979,3.14,0.5,8.8,6,White
6.9,0.34,0.3,4.7,0.029,34,148,0.99165,3.36,0.49,12.3,7,White
8.7,0.54,0.26,2.5,0.097,7,31,0.9976,3.27,0.6,9.3,6,Red
5.2,0.2,0.27,3.2,0.047,16,93,0.99235,3.44,0.53,10.1,7,White
5.5,0.17,0.23,2.9,0.039,10,108,0.99243,3.28,0.5,10,5,White
8.3,0.625,0.2,1.5,0.08,27,119,0.9972,3.16,1.12,9.1,4,Red
6.2,0.25,0.25,1.4,0.03,35,105,0.9912,3.3,0.44,11.1,7,White
8.4,0.34,0.42,2.1,0.072,23,36,0.99392,3.11,0.78,12.4,6,Red
8.2,0.21,0.32,10.65,0.053,53,145,0.9972,3.17,0.48,10.2,6,White
7,0.29,0.35,1.4,0.036,42,109,0.99119,3.31,0.62,11.6,6,White
7.5,0.13,0.38,1.1,0.023,42,104,0.99112,3.28,0.53,11.8,6,White
7.5,0.5,0.36,6.1,0.071,17,102,0.9978,3.35,0.8,10.5,5,Red
6.1,0.25,0.28,10,0.055,56,131,0.994,3.22,0.35,10.9,6,White
5.9,0.415,0.13,1.4,0.04,11,64,0.9922,3.29,0.52,10.5,5,White
7.6,0.31,0.52,13.2,0.042,61,148,0.99839,2.98,0.47,9.1,6,White
7.2,0.22,0.35,5.5,0.054,37,183,0.99474,3.08,0.5,10.3,5,White
6.5,0.29,0.31,1.7,0.035,24,79,0.99053,3.27,0.69,11.4,7,White
6.4,0.26,0.22,5.1,0.037,23,131,0.9944,3.29,0.32,10.1,5,White
6,0.2,0.24,5.3,0.075,49,201,0.99466,3.21,0.43,9.5,5,White
5.2,0.44,0.04,1.4,0.036,43,119,0.9894,3.36,0.33,12.1,8,White
12.5,0.28,0.54,2.3,0.082,12,29,0.9997,3.11,1.36,9.8,7,Red
6.9,0.25,0.27,9.05,0.039,37,128,0.9936,3.27,0.34,11.3,8,White
9,0.44,0.49,2.4,0.078,26,121,0.9978,3.23,0.58,9.2,5,Red
7.2,0.38,0.31,2,0.056,15,29,0.99472,3.23,0.76,11.3,8,Red
6,0.23,0.34,1.3,0.025,23,111,0.98961,3.36,0.37,12.7,6,White
8.7,0.31,0.73,14.35,0.044,27,191,1.00013,2.96,0.88,8.7,5,White
6.9,0.54,0.26,12.7,0.049,59,195,0.99596,3.26,0.54,10.5,6,White
6.8,0.22,0.24,4.9,0.092,30,123,0.9951,3.03,0.46,8.6,6,White
7,0.32,0.29,4.9,0.036,41,150,0.99168,3.38,0.43,12.2,6,White
5.9,0.3,0.3,2,0.03,38,142,0.98892,3.41,0.41,12.9,7,White
7.5,0.64,0,2.4,0.077,18,29,0.9965,3.32,0.6,10,6,Red
7.7,0.16,0.41,1.7,0.048,60,173,0.9932,3.24,0.66,11.2,7,White
6.8,0.18,0.46,1.4,0.064,37,160,0.9924,3.37,0.45,11.1,5,White
6.8,0.61,0.04,1.5,0.057,5,10,0.99525,3.42,0.6,9.5,5,Red
5.7,0.25,0.32,12.2,0.041,43,127,0.99524,3.23,0.53,10.4,7,White
6.9,0.26,0.33,12.6,0.051,59,173,0.998,3.39,0.38,9.9,5,White
8.3,0.19,0.49,1.2,0.051,11,137,0.9918,3.06,0.46,11,6,White
8.2,0.28,0.6,3,0.104,10,22,0.99828,3.39,0.68,10.6,5,Red
7.2,0.17,0.34,6.4,0.042,16,111,0.99278,2.99,0.4,10.8,6,White
7.8,0.24,0.32,12.2,0.054,42,138,0.9984,3.01,0.54,8.8,5,White
7.5,0.61,0.2,1.7,0.076,36,60,0.99494,3.1,0.4,9.3,5,Red
5.7,0.27,0.32,1.2,0.046,20,155,0.9934,3.8,0.41,10.2,6,White
6.1,0.2,0.4,1.9,0.028,32,138,0.9914,3.26,0.72,11.7,5,White
6.6,0.32,0.47,15.6,0.063,27,173,0.99872,3.18,0.56,9,5,White
5.6,0.205,0.16,12.55,0.051,31,115,0.99564,3.4,0.38,10.8,6,White
8.2,0.38,0.49,13.6,0.042,58,166,0.99855,3.1,0.54,9.4,5,White
6.1,0.22,0.49,1.5,0.051,18,87,0.9928,3.3,0.46,9.6,5,White
6.6,0.39,0.49,1.7,0.07,23,149,0.9922,3.12,0.5,11.5,6,Red
6.5,0.46,0.41,16.8,0.084,59,222,0.9993,3.18,0.58,9,5,White
7.8,0.29,0.36,7,0.042,38,161,0.9941,3.26,0.37,11.2,8,White
7.8,0.19,0.32,7.4,0.015,47,124,0.99278,2.99,0.39,11,6,White
7.3,0.22,0.41,15.4,0.05,55,191,1,3.32,0.59,8.9,6,White
6.6,0.435,0.38,9.2,0.058,66,243,0.99833,3.23,0.54,9.1,6,White
6.6,0.32,0.33,2.5,0.052,40,210,0.99316,3.15,0.6,10,5,White
6.1,0.15,0.29,6.2,0.046,39,151,0.99471,3.6,0.44,10.6,6,White
7,0.17,0.31,4.8,0.034,34,132,0.9944,3.36,0.48,9.6,7,White
6.4,0.64,0.21,1.8,0.081,14,31,0.99689,3.59,0.66,9.8,5,Red
8,0.29,0.49,11.7,0.035,40,131,0.9958,3.14,0.34,10.8,5,White
7.2,0.19,0.31,1.4,0.046,37,135,0.9939,3.34,0.57,10.2,7,White
7.4,0.28,0.36,14.6,0.048,35,161,0.9968,3.14,0.56,10.6,5,White
9,0.43,0.3,1.5,0.05,7,175,0.9951,3.11,0.45,9.7,4,White
8.1,0.82,0,4.1,0.095,5,14,0.99854,3.36,0.53,9.6,5,Red
7.3,0.55,0.01,1.8,0.093,9,15,0.99514,3.35,0.58,11,7,Red
6.4,0.23,0.26,8.1,0.054,47,181,0.9954,3.12,0.49,9.4,5,White
6.9,0.14,0.38,1,0.041,22,81,0.99043,3.03,0.54,11.4,6,White
6.8,0.18,0.35,5.4,0.054,53,143,0.99287,3.1,0.54,11,7,White
5.1,0.47,0.02,1.3,0.034,18,44,0.9921,3.9,0.62,12.8,6,Red
7.5,0.26,0.26,18.35,0.084,33,139,1.0011,3.17,0.39,8.8,5,White
7.5,0.19,0.34,2.6,0.037,33,125,0.9923,3.1,0.49,11.1,7,White
7.2,0.08,0.49,1.3,0.05,18,148,0.9945,3.46,0.44,10.2,6,White
7.15,0.17,0.24,9.6,0.119,56,178,0.99578,3.15,0.44,10.2,6,White
6.6,0.34,0.18,6.4,0.082,47,240,0.9971,3.42,0.48,9.2,5,White
8,0.59,0.05,2,0.089,12,32,0.99735,3.36,0.61,10,5,Red
6.2,0.58,0,1.6,0.065,8,18,0.9966,3.56,0.84,9.4,5,Red
6.2,0.55,0.45,12,0.049,27,186,0.9974,3.17,0.5,9.3,6,White
8.8,0.37,0.48,2.1,0.097,39,145,0.9975,3.04,1.03,9.3,5,Red
6.4,0.29,0.3,6.5,0.209,62,156,0.99478,3.1,0.4,9.4,5,White
5.2,0.31,0.36,5.1,0.031,46,145,0.9897,3.14,0.31,12.4,7,White
7,0.23,0.33,1,0.043,46,110,0.99118,3.04,0.65,10.8,6,White
7,0.25,0.45,2.3,0.045,40,118,0.99064,3.16,0.48,11.9,7,White
8.4,0.32,0.35,11.7,0.029,3,46,0.99439,3.02,0.34,11.8,6,White
7.4,0.16,0.32,1.4,0.065,23,140,0.99134,3.06,0.47,11.4,6,White
6.8,0.27,0.42,7.3,0.054,58,200,0.99556,3.12,0.49,9.4,6,White
7.6,0.14,0.74,1.6,0.04,27,103,0.9916,3.07,0.4,10.8,7,White
11.2,0.5,0.74,5.15,0.1,5,17,0.9996,3.22,0.62,11.2,5,Red
6.3,0.29,0.14,7.05,0.045,50,177,0.99564,3.23,0.42,9,5,White
8.8,0.27,0.46,2.1,0.095,20,29,0.99488,3.26,0.56,11.3,6,Red
7,0.31,0.35,1.6,0.063,13,119,0.99184,3.22,0.5,10.7,5,White
7.1,0.56,0.14,1.6,0.078,7,18,0.99592,3.27,0.62,9.3,5,Red
7.6,0.56,0.12,10.4,0.096,22,177,0.9983,3.32,0.45,9.1,4,White
6.1,0.17,0.28,4.5,0.033,46,150,0.9933,3.43,0.49,10.9,6,White
5.6,0.15,0.26,5.55,0.051,51,139,0.99336,3.47,0.5,11,6,White
8.1,0.31,0.36,8.2,0.028,29,142,0.9925,3.01,0.34,13,7,White
6.4,0.18,0.31,1.6,0.049,36,127,0.9934,3.6,0.67,10.4,7,White
11.9,0.39,0.69,2.8,0.095,17,35,0.9994,3.1,0.61,10.8,6,Red
6.5,0.27,0.19,4.2,0.046,6,114,0.9955,3.25,0.35,8.6,4,White
7.4,0.19,0.31,14.5,0.045,39,193,0.9986,3.1,0.5,9.2,6,White
7.6,1.58,0,2.1,0.137,5,9,0.99476,3.5,0.4,10.9,3,Red
6,0.39,0.13,1.2,0.042,60,172,0.99114,3.06,0.52,10.6,5,White
6.6,0.34,0.4,8.1,0.046,68,170,0.99494,3.15,0.5,9.53333333333333,6,White
5.6,0.35,0.37,1,0.038,6,72,0.9902,3.37,0.34,11.4,5,White
6.8,0.47,0.08,2.2,0.064,18,38,0.99553,3.3,0.65,9.6,6,Red
6.6,0.66,0,3,0.115,21,31,0.99629,3.45,0.63,10.3,5,Red
5.2,0.185,0.22,1,0.03,47,123,0.99218,3.55,0.44,10.15,6,White
8,0.34,0.49,9,0.033,39,180,0.9936,3.13,0.38,12.3,8,White
6.6,0.41,0.16,1.4,0.037,28,160,0.99167,2.95,0.45,10.6,6,White
8.7,0.31,0.46,1.4,0.059,11,25,0.9966,3.36,0.76,10.1,6,Red
6.5,0.36,0.38,10.2,0.028,20,82,0.99274,3.1,0.43,12.1,7,White
6.3,0.18,0.22,5.6,0.047,45,147,0.99383,3.09,0.54,10,5,White
6.6,0.25,0.3,14.4,0.052,40,183,0.998,3.02,0.5,9.1,6,White
11.5,0.42,0.48,2.6,0.077,8,20,0.99852,3.09,0.53,11,5,Red
7.9,0.46,0.32,4.1,0.033,40,138,0.9912,3.18,0.44,12.8,7,White
6.5,0.22,0.25,17.1,0.05,44,138,1.0001,3.3,0.37,8.8,5,White
9.4,0.5,0.34,3.6,0.082,5,14,0.9987,3.29,0.52,10.7,6,Red
7.3,0.22,0.5,13.7,0.049,56,189,0.9994,3.24,0.66,9,6,White
8,0.81,0.25,3.4,0.076,34,85,0.99668,3.19,0.42,9.2,5,Red
7.4,0.56,0.09,1.5,0.071,19,117,0.99496,3.22,0.53,9.8,5,White
6.7,0.18,0.31,10.6,0.035,42,143,0.99572,3.08,0.49,9.8,7,White
7.2,0.2,0.28,1.6,0.028,13,168,0.99203,3.17,1.06,11.5,6,White
7.4,0.34,0.42,1.1,0.033,17,171,0.9917,3.12,0.53,11.3,6,White
6.5,0.29,0.25,10.6,0.039,32,120,0.9962,3.31,0.34,10.1,6,White
7.1,0.36,0.3,1.6,0.08,35,70,0.99693,3.44,0.5,9.4,5,Red
7.2,0.44,0.28,3.4,0.048,22,112,0.99188,3.21,0.37,11.3,7,White
8.2,0.635,0.1,2.1,0.073,25,60,0.99638,3.29,0.75,10.9,6,Red
5.8,0.275,0.3,5.4,0.043,41,149,0.9926,3.33,0.42,10.8,7,White
6.6,0.5,0.26,11.3,0.029,32,110,0.99302,3.27,0.78,12.9,8,White
6.4,0.475,0.06,1,0.03,9,131,0.9904,2.97,0.29,10.8,5,White
6.4,0.17,0.27,9.9,0.047,26,101,0.99596,3.34,0.5,9.9,6,White
6.9,0.2,0.36,1.5,0.031,38,147,0.9931,3.35,0.56,11,6,White
8.1,0.27,0.41,1.45,0.033,11,63,0.9908,2.99,0.56,12,5,White
9.5,0.46,0.49,6.3,0.064,5,17,0.9988,3.21,0.73,11,6,Red
7.2,0.24,0.3,1.6,0.048,27,131,0.9933,3.25,0.45,10.5,5,White
8.6,0.18,0.4,1.1,0.04,20,107,0.9923,2.94,0.32,10.2,7,White
6.9,0.115,0.35,5.4,0.048,36,108,0.9939,3.32,0.42,10.2,6,White
6.8,0.28,0.39,1.4,0.036,15,115,0.9918,3.27,0.72,11.7,5,White
6.7,0.24,0.3,3.85,0.042,105,179,0.99189,3.04,0.59,11.3,8,White
6.5,0.33,0.28,6.1,0.018,41,103,0.99122,3.24,0.32,12.2,6,White
6.2,0.44,0.18,7.7,0.096,28,210,0.99771,3.56,0.72,9.2,5,White
7.2,0.24,0.3,1.2,0.037,11,95,0.98914,2.96,0.36,12.5,6,White
6.8,0.56,0.22,1.8,0.074,15,24,0.99438,3.4,0.82,11.2,6,Red
6.9,0.3,0.25,3.3,0.041,26,124,0.99428,3.18,0.5,9.3,6,White
7,0.57,0.1,8.3,0.094,23,188,0.9972,3.4,0.47,9.2,4,White
6.6,0.735,0.02,7.9,0.122,68,124,0.9994,3.47,0.53,9.9,5,Red
5.7,0.45,0.42,1.1,0.051,61,197,0.9932,3.02,0.4,9,5,White
8,0.19,0.3,2,0.053,48,140,0.994,3.18,0.49,9.6,6,White
5.8,0.31,0.33,1.2,0.036,23,99,0.9916,3.18,0.6,10.5,6,White
7.1,0.59,0,2.1,0.091,9,14,0.99488,3.42,0.55,11.5,7,Red
7.2,0.23,0.25,18.8,0.085,19,111,1.00044,3.1,0.51,8.7,5,White
7,0.21,0.31,6,0.046,29,108,0.9939,3.26,0.5,10.8,6,White
7.2,0.53,0.13,2,0.058,18,22,0.99573,3.21,0.68,9.9,6,Red
7.2,0.725,0.05,4.65,0.086,4,11,0.9962,3.41,0.39,10.9,5,Red
9.3,0.43,0.44,1.9,0.085,9,22,0.99708,3.28,0.55,9.5,5,Red
6.8,0.26,0.33,1.5,0.047,44,167,0.9928,3.12,0.44,10.5,6,White
7.8,0.26,0.44,1.3,0.037,43,132,0.9944,3.18,0.65,10,5,White
7.5,0.42,0.14,10.7,0.046,18,95,0.9959,3.22,0.33,10.7,5,White
7.2,0.24,0.29,2.2,0.037,37,102,0.992,3.27,0.64,11,7,White
7.6,0.31,0.26,1.7,0.073,40,157,0.9938,3.1,0.46,9.8,5,White
7,0.54,0,2.1,0.079,39,55,0.9956,3.39,0.84,11.4,6,Red
6.9,0.37,0.28,13.8,0.031,34,137,0.9948,3.1,0.37,11.6,6,White
5.6,0.25,0.19,2.4,0.049,42,166,0.992,3.25,0.43,10.4,6,White
6.2,0.76,0.01,3.2,0.041,18,120,0.99026,3.2,0.94,13.7,7,White
8.2,0.27,0.39,7.8,0.039,49,208,0.9976,3.31,0.51,9.5,6,White
6.8,0.29,0.22,3.4,0.035,40,122,0.99024,3.09,0.47,12.3,6,White
6.9,0.13,0.28,13.3,0.05,47,132,0.99655,3.34,0.42,10.1,6,White
5.8,0.2,0.34,1,0.035,40,86,0.98993,3.5,0.42,11.7,5,White
8.6,0.23,0.46,1,0.054,9,72,0.9941,2.95,0.49,9.1,6,White
11.8,0.38,0.55,2.1,0.071,5,19,0.9986,3.11,0.62,10.8,6,Red
6.5,0.26,0.32,16.5,0.045,44,166,1,3.38,0.46,9.5,6,White
8.1,1.33,0,1.8,0.082,3,12,0.9964,3.54,0.48,10.9,5,Red
9.2,0.18,0.49,1.5,0.041,39,130,0.9945,3.04,0.49,9.8,7,White
6.9,0.32,0.26,2.3,0.03,11,103,0.99106,3.06,0.42,11.1,6,White
5.9,0.2,0.23,1.5,0.037,38,93,0.99021,3.36,0.49,12,6,White
6.1,0.34,0.21,5,0.042,17,133,0.99373,3.02,0.53,9.4,5,White
6.7,0.21,0.34,1.4,0.049,36,112,0.99091,3.02,0.5,11,6,White
8.3,0.49,0.43,2.5,0.036,32,116,0.9944,3.23,0.47,10.7,6,White
5.2,0.31,0.2,2.4,0.027,27,117,0.98886,3.56,0.45,13,7,White
6.1,0.3,0.3,2.1,0.031,50,163,0.9895,3.39,0.43,12.7,7,White
6.9,0.32,0.3,1.8,0.036,28,117,0.99269,3.24,0.48,11,6,White
6.2,0.41,0.22,1.9,0.023,5,56,0.98928,3.04,0.79,13,7,White
9.3,0.32,0.57,2,0.074,27,65,0.9969,3.28,0.79,10.7,5,Red
7.4,0.28,0.49,1.5,0.034,20,126,0.9918,2.98,0.39,10.6,6,White
7,0.36,0.21,2.3,0.086,20,65,0.99558,3.4,0.54,10.1,6,Red
7.4,0.25,0.37,13.5,0.06,52,192,0.9975,3,0.44,9.1,5,White
7.2,0.36,0.36,5.7,0.038,26,98,0.9914,2.93,0.59,12.5,7,White
7.1,0.2,0.35,3.2,0.034,21,107,0.99195,3.11,0.54,11.1,6,White
